-- phpMyAdmin SQL Dump
-- version 5.0.4
-- https://www.phpmyadmin.net/
--
-- Host: 127.0.0.1
-- Generation Time: Feb 26, 2021 at 02:38 AM
-- Server version: 10.4.17-MariaDB
-- PHP Version: 7.3.25

SET SQL_MODE = "NO_AUTO_VALUE_ON_ZERO";
START TRANSACTION;
SET time_zone = "+00:00";


/*!40101 SET @OLD_CHARACTER_SET_CLIENT=@@CHARACTER_SET_CLIENT */;
/*!40101 SET @OLD_CHARACTER_SET_RESULTS=@@CHARACTER_SET_RESULTS */;
/*!40101 SET @OLD_COLLATION_CONNECTION=@@COLLATION_CONNECTION */;
/*!40101 SET NAMES utf8mb4 */;

--
-- Database: `mantra-pottery`
--

-- --------------------------------------------------------

--
-- Table structure for table `design`
--

CREATE TABLE `design` (
  `design_id` int(11) NOT NULL,
  `code` varchar(64) NOT NULL,
  `description` varchar(256) NOT NULL
) ENGINE=InnoDB DEFAULT CHARSET=latin1;

--
-- Dumping data for table `design`
--

INSERT INTO `design` (`design_id`, `code`, `description`) VALUES
(14, 'angel', 'Angel'),
(15, 'leaf', 'Leaf\r\n'),
(16, 'shell', 'Shell\r\n'),
(17, 'vine', 'Vine\r\n'),
(18, 'flower', 'Flower\r\n'),
(19, 'palm', 'Palm\r\n'),
(20, 'kambu', 'Kambu'),
(21, 'fish', 'Fish\r\n'),
(22, 'water', 'Water \r\n'),
(23, 'palm2', 'Palm (Tr)\r\n'),
(24, 'bpalm', 'Baby Palm \r\n'),
(25, 'dfly', 'Dragonfly \r\n'),
(26, 'dvine', 'dotted vine'),
(27, 'plain', 'Plain'),
(28, 'lotus', 'Lotus'),
(29, 'tree', 'Tree'),
(30, 'ganesh', 'Ganesh'),
(31, 'ganesh-h', 'Ganesh-h'),
(34, 'jasmine', 'Jasmine'),
(35, 'lotus bud', 'Lotus Bud'),
(36, 'fvine', 'Flower Vine'),
(37, 'fl', 'Fluted'),
(38, 'gd', 'Gopal Design'),
(39, 'vvine', 'Vertical Vine');

-- --------------------------------------------------------

--
-- Table structure for table `glaze`
--

CREATE TABLE `glaze` (
  `glaze_id` int(11) NOT NULL,
  `code` varchar(64) NOT NULL,
  `description` varchar(256) NOT NULL
) ENGINE=InnoDB DEFAULT CHARSET=latin1;

--
-- Dumping data for table `glaze`
--

INSERT INTO `glaze` (`glaze_id`, `code`, `description`) VALUES
(1, 'bl', 'Blue'),
(2, 'bl-tit', 'Blue titanium'),
(3, 'bl-wh', 'Blue White'),
(4, 'wh-bl', 'White Blue'),
(5, 'cl-wh', 'Clear White'),
(6, 'wh-em', 'White Emerald'),
(7, 'cm30 ', 'CM 30\r\n'),
(8, 'wh-blpig', 'White-Blue Pigment'),
(9, 'kaki-wh', 'Kaki White'),
(10, 'aaaaa', 'bbbbb'),
(11, 'cel', 'Celadon'),
(12, 'wh', 'White\r\n'),
(15, 'cl', 'Clear\r\n'),
(16, 'wh kaki', 'White Kaki'),
(17, 'kaki-nwt', 'Kaki Nwt'),
(18, 'wh tit', 'White Titanium\r\n'),
(19, 'np64-em', 'NP64 Emerald'),
(25, 'cm30-bl', 'Cm30 blue'),
(26, 'ungl-nwt', 'Unglazed-nwt');

-- --------------------------------------------------------

--
-- Table structure for table `product`
--

CREATE TABLE `product` (
  `product_id` int(11) NOT NULL,
  `code` varchar(64) NOT NULL,
  `description` varchar(256) NOT NULL
) ENGINE=InnoDB DEFAULT CHARSET=latin1;

--
-- Dumping data for table `product`
--

INSERT INTO `product` (`product_id`, `code`, `description`) VALUES
(183, 'at', 'Ash Tray'),
(184, 'aw', 'Ant Well\r\n'),
(185, 'bd', 'Butter Dish\r\n'),
(186, 'bdpls', 'Butter Dish pot large w/spoon\r\n'),
(187, 'bh', 'Brush Holder\r\n'),
(188, 'blf', 'Flat Soup Bowl\r\n'),
(189, 'blfl', 'Flat Bowl Large\r\n'),
(190, 'blfm', 'Flat Bowl Medium\r\n'),
(191, 'blfs', 'Flat Bowl Small\r\n'),
(192, 'blfxl', 'Flat Bowl XL\r\n'),
(193, 'bll', 'Bowl L\r\n'),
(194, 'bllt', 'Bowl L. Trailed\r\n'),
(195, 'blm', 'Bowl M.\r\n'),
(196, 'blmt', 'Bowl M. Trailed\r\n'),
(197, 'bls', 'Bowl S\r\n'),
(198, 'blsm', 'Bowl Small M\r\n'),
(199, 'blss', 'Bowl Very Small\r\n'),
(200, 'blst', 'Bowl S. Trailed\r\n'),
(201, 'blsu', 'Soup Bowl\r\n'),
(202, 'blsul', 'Large Soup Bowl\r\n'),
(203, 'blsult', 'Soup Bowl Large Trailed'),
(204, 'blsut', 'Soup Bowl Trailed\r\n'),
(205, 'blsvrl', 'Serving Bowl L\r\n'),
(206, 'blsvrm', 'Serving Bowl M\r\n'),
(207, 'blsvrm2', 'Serving Bowl Medium \r\n'),
(208, 'blsvrm2t', 'Serving Bowl Medium Trailed\r\n'),
(209, 'blsvrm3', 'Serving Bowl Medium\r\n'),
(210, 'bm', 'Beer Mug\r\n'),
(211, 'bmt', 'Beer Mug Trailed\r\n'),
(212, 'bnpl126', 'Banana Leaf Plate 12x6\r\n'),
(213, 'bnpl189', 'Banana Leaf Plate 18x9\r\n'),
(214, 'c&s', 'Cup & Saucer Set\r\n'),
(215, 'cd', 'Chapati Dish\r\n'),
(216, 'ch', 'Cutlery Holder\r\n'),
(217, 'cml', 'Coffee Mug L.\r\n'),
(218, 'cmlt', 'Coffee Mug L. Trailed\r\n'),
(219, 'cmm', 'Coffee Mug M.\r\n'),
(220, 'cmmt', 'Coffee Mug M. Trailed\r\n'),
(221, 'cms', 'Coffee Mug S.\r\n'),
(222, 'cmss', 'Espresso Cup\r\n'),
(223, 'cmst', 'Coffee Mug S. Trailed\r\n'),
(224, 'cmxl', 'Coffee Mug X Large\r\n'),
(225, 'cmxlt', 'Coffee Mug X Large Trailed\r\n'),
(226, 'cns', 'Candle Stand\r\n'),
(227, 'cp', 'Chutney Pot w/spoon\r\n'),
(228, 'cse', 'Espresso Cup & Saucer\r\n'),
(229, 'csl', 'Casserole L.\r\n'),
(230, 'csm', 'Casserole M.\r\n'),
(231, 'css', 'Casserole S.\r\n'),
(232, 'csss', 'Casserole Very Small\r\n'),
(233, 'csvr2', 'Chutney Server\r\n'),
(234, 'csvr2s', 'Chutney Server 2 Bowl Small\r\n'),
(235, 'csvr3', 'Chutney Server 3 Bowl\r\n'),
(236, 'csvr3s', 'Chutney Server 3 Bowl Small\r\n'),
(237, 'db', 'Dhoop Burner\r\n'),
(238, 'dsdl', 'Deep Serving Dish L\r\n'),
(239, 'dsdm', 'Deep Serving Dish M\r\n'),
(240, 'dsds', 'Deep Serving Dish S\r\n'),
(241, 'dsdst', 'Deep Serving Dish Small trailed\r\n'),
(242, 'dubl10', 'Deep Unglazed Bowl 10\r\n'),
(243, 'dubl4', 'Deep Unglazed Bowl 4\r\n'),
(244, 'dubl6', 'Deep Unglazed Bowl 6\r\n'),
(245, 'dubl8', 'Deep Unglazed Bowl 8\r\n'),
(246, 'ec', 'Egg Cup\r\n'),
(247, 'f', 'Fumer With Handle'),
(248, 'fj', 'Fumer Plain\r\n'),
(249, 'ft', 'Fumer Tall\r\n'),
(250, 'hpd', 'Honey Pot w/dipper\r\n'),
(251, 'ibbt', 'Incense Burner Boat\r\n'),
(252, 'ibbtl', 'Incense Burner Boat Large\r\n'),
(253, 'ibm', 'Incense Burner Medium\r\n'),
(254, 'ibsq', 'Incense Burner Square\r\n'),
(255, 'ibt', 'Incense Burner Table\r\n'),
(256, 'jgl', 'Jug L.\r\n'),
(257, 'jglt', 'Jug Large Trailed\r\n'),
(258, 'jgm', 'Jug M.\r\n'),
(259, 'jgmt', 'Jug Medium Trailed\r\n'),
(260, 'jgs', 'Jug S.\r\n'),
(261, 'jgss', 'Jug VerySmall\r\n'),
(262, 'jgsst', 'Jug V Small Trailed\r\n'),
(263, 'jgst', 'Jug Small Trailed\r\n'),
(264, 'mjr', 'Milk Jug Round'),
(265, 'obl', 'Oil Bottle large w/cork\r\n'),
(266, 'obm', 'Oil Bottle medium w/cork\r\n'),
(267, 'obs', 'Oil Bottle Small w/cork\r\n'),
(268, 'olbtd', 'Olive Boat Designed Small\r\n'),
(269, 'olbtl', 'Olive Boat Large\r\n'),
(270, 'pl39', 'Plate Rect. 3x9\r\n'),
(271, 'pl44', 'Plate Sq. 4x4\r\n'),
(272, 'pl64', 'Plate Rect. 6x4\r\n'),
(273, 'pl69', 'Plate Rect. 6x9\r\n'),
(274, 'pl69l', 'Plate Rect 6x9 Deco\r\n'),
(275, 'plf', 'Plate Full\r\n'),
(276, 'plfl', 'Full Plate Deco\r\n'),
(277, 'plh', 'Plate Half\r\n'),
(278, 'plhl', 'Half Plate Deco\r\n'),
(279, 'plo', 'Full Plate Oval\r\n'),
(280, 'plp', 'Pasta Plate\r\n'),
(281, 'plpl', 'Pasta Plate Deco\r\n'),
(282, 'plq', 'Plate Quarter\r\n'),
(283, 'plql', 'Quarter Plate Deco\r\n'),
(284, 'sd', 'Soap Dish\r\n'),
(285, 'sdl', 'Serving Dish L.\r\n'),
(286, 'sdm', 'Serving Dish M.\r\n'),
(287, 'sds', 'Serving Dish S.\r\n'),
(288, 'sdu', 'Soap Dish Ultima\r\n'),
(289, 'sdus', 'Soap Dish Ultima Small\r\n'),
(290, 'sgpc', 'Sugar Pot Conical'),
(291, 'sks', 'Salt&Pepper Shaker Small\r\n'),
(292, 'sp', 'Salt Pot w/spoon\r\n'),
(293, 'sr', 'Saucer\r\n'),
(294, 'srp126', 'Slab Rectangular Platter 12x6\r\n'),
(295, 'srp157', 'Slab Rectangular Platter 15x7\r\n'),
(296, 'srs', 'Saucer Small\r\n'),
(297, 'st39', 'Snack Tray 3x9\r\n'),
(298, 'swc', 'Swedish cup\r\n'),
(299, 'swct', 'Swedish Cup Trailed\r\n'),
(300, 'tbb', 'Tea Bag Box with 2 spoons\r\n'),
(301, 'tc', 'Tea Cup w/o handle\r\n'),
(302, 'tcj', 'Tea Cup Jasmine w/o handle\r\n'),
(303, 'tcjf', 'Tea Cup Jasmine Fluted\r\n'),
(304, 'tmblr', 'Tumbler\r\n'),
(305, 'tmblrt', 'Tumbler Trailed\r\n'),
(306, 'tp', 'Tea Pot\r\n'),
(307, 'tps', 'Tea Pot S\r\n'),
(308, 'tpsf', 'Flat Tea Pot S\r\n'),
(309, 'tpss', 'Tea Pot Very Small\r\n'),
(310, 'tpsst', 'Tea Pot Very Small Trailed\r\n'),
(311, 'tpt', 'Tea Pot Trailed\r\n'),
(312, 'tset15', 'Tea Set 15 pc.\r\n'),
(313, 'tset3', 'Tea Set 3 pc\r\n'),
(314, 'tset3ss', 'Tea Set V Small 3 pc\r\n'),
(315, 'tset5s', 'Tea Set 5 pc Small\r\n'),
(316, 'tset5ss', 'Tea Set V Small 5 pc\r\n'),
(317, 'tset9', 'Tea Set 9 pc.\r\n'),
(318, 'tset9t', 'Tea Set 9 pc. Tr\r\n'),
(319, 'vl', 'Vase L.\r\n'),
(320, 'vlc', 'Vase L.Cut\r\n'),
(321, 'vlm', 'Vase L.M.\r\n'),
(322, 'vm', 'Vase Medium\r\n'),
(323, 'vnstm', 'Vinaigrette W/ Stopper Med\r\n'),
(324, 'vr', 'Vase Round\r\n'),
(325, 'vs', 'Vase S.\r\n'),
(326, 'vxlc', 'Vase XL.Cut\r\n'),
(327, 'wf', 'Double Water Pot\r\n'),
(328, 'jrmt', 'Jar Medium Trailed'),
(329, 'jrm', 'Jar Medium\r\n'),
(330, 'jrst', 'Jar Small Trailed\r\n'),
(331, 'jrs', 'Jar Small\r\n'),
(332, 'tph', 'Tea Pot Clay Handle\r\n'),
(333, 'tphs', 'Tea Pot Clay Handle V Sm\r\n'),
(334, 'tpst', 'Tea Pot Small Trailed\r\n'),
(335, 'tpht', 'Tea Pot Clay Handle Trailed\r\n'),
(337, 'cl12', 'Coaster Rect.12 Tile\r\n'),
(338, 'cl4', 'Coaster Square 4 Tile\r\n'),
(339, 'cl9', 'Coaster Square 9 Tile\r\n'),
(340, 'col', 'Coaster Oval\r\n'),
(341, 'cold', 'Coaster Oval Dragonfly\r\n'),
(342, 'crl', 'Coaster Round Large\r\n'),
(343, 'crld', 'Coaster Round Large Dragonfly\r\n'),
(344, 'crs', 'Coaster Small\r\n'),
(345, 'crsd', 'Coaster Small Dragonfly\r\n'),
(346, 'hexl', 'Hex Coaster Large\r\n'),
(347, 'hexs', 'Hex Coaster Small\r\n'),
(348, 'trc1012', 'Tray 10x12 Plain\r\n'),
(349, 'trc1214', 'Tray 12X14 Plain\r\n'),
(350, 'trc713', 'Tray 7x13 Plain\r\n'),
(351, 'trc915', 'Tray 9x15 Plain\r\n'),
(352, 'trl', 'Tray Large Round Plain\r\n'),
(353, 'tro', 'Tray Large Oval Plain\r\n'),
(354, 'trold', 'Tray Large Oval Dragon Fly/Rose\r\n'),
(355, 'tros', 'Tray Small Oval Plain\r\n'),
(356, 'trrld', 'Tray Large Round Dragon Fly/Rose\r\n'),
(357, 'trrs', 'Tray Small Round Plain\r\n'),
(358, 'mrl', 'Mirror Large 13x13\r\n'),
(359, 'mrs', 'Mirror Small 11x11\r\n'),
(360, 'mrxl', 'Mirror Rectangular 13x17\r\n'),
(361, 'mrxxl', 'Mirror Very Large 19x36\r\n'),
(362, 'sl', 'Brass Stand Large\r\n'),
(363, 'ss', 'Brass Stand Small\r\n'),
(381, 'mjc', 'Milk Jug Conical'),
(382, 'tcjs', 'Tea Cup Jasmine small w/o handle '),
(383, 'sgpr', 'Sugar Pot Round'),
(384, 'plfs', 'Full Plate Sq'),
(385, 'plqs', 'Quarter Plate sq'),
(386, 'plhs', 'Half Plate sq'),
(387, 'plfls', 'Full Plate Deco sq'),
(388, 'plhls', 'Half Plate deco sq'),
(389, 'plqls', 'Quarter Plate deco sq'),
(390, 'plfo', 'Full Plate Oval'),
(391, 'plflo', 'Full Plate Deco Oval'),
(392, 'plho', 'Half plate oval'),
(393, 'plhlo', 'Half Plate Deco Oval'),
(394, 'plqo', 'Quarter Plate Oval'),
(395, 'plqlo', 'Quarter plate Deco Oval');

-- --------------------------------------------------------

--
-- Table structure for table `settings`
--

CREATE TABLE `settings` (
  `id` int(11) NOT NULL,
  `minimum_quantity` smallint(6) NOT NULL DEFAULT 1
) ENGINE=InnoDB DEFAULT CHARSET=latin1;

--
-- Dumping data for table `settings`
--

INSERT INTO `settings` (`id`, `minimum_quantity`) VALUES
(1, 4);

-- --------------------------------------------------------

--
-- Table structure for table `stock`
--

CREATE TABLE `stock` (
  `stock_id` int(11) NOT NULL,
  `product_id` int(11) DEFAULT NULL,
  `glaze_id` int(11) DEFAULT NULL,
  `design_id` int(11) DEFAULT NULL,
  `height` decimal(10,3) NOT NULL,
  `width` decimal(10,3) NOT NULL,
  `weight` decimal(10,3) NOT NULL,
  `volume` decimal(10,3) NOT NULL
) ENGINE=InnoDB DEFAULT CHARSET=latin1;

--
-- Dumping data for table `stock`
--

INSERT INTO `stock` (`stock_id`, `product_id`, `glaze_id`, `design_id`, `height`, `width`, `weight`, `volume`) VALUES
(3, 210, 2, 14, '1.000', '2.000', '3.300', '4.568'),
(4, 210, 2, 15, '0.000', '0.000', '0.000', '0.000'),
(5, 210, 2, 16, '0.000', '0.000', '0.000', '0.000'),
(6, 210, 2, 17, '0.000', '0.000', '0.000', '0.000'),
(7, 210, 2, 19, '0.000', '0.000', '0.000', '0.000'),
(8, 210, 2, 20, '0.000', '0.000', '0.000', '0.000'),
(9, 210, 2, 18, '0.000', '0.000', '0.000', '0.000'),
(10, 210, 1, 18, '0.000', '0.000', '0.000', '0.000'),
(11, 210, 3, 14, '0.000', '0.000', '0.000', '0.000'),
(12, 210, 3, 15, '0.000', '0.000', '0.000', '0.000'),
(13, 210, 3, 16, '0.000', '0.000', '0.000', '0.000'),
(14, 210, 3, 17, '0.000', '0.000', '0.000', '0.000'),
(15, 210, 3, 18, '0.000', '0.000', '0.000', '0.000'),
(16, 210, 3, 19, '0.000', '0.000', '0.000', '0.000'),
(17, 210, 4, 14, '0.000', '0.000', '0.000', '0.000'),
(18, 210, 4, 15, '0.000', '0.000', '0.000', '0.000'),
(19, 210, 4, 16, '0.000', '0.000', '0.000', '0.000'),
(20, 210, 4, 17, '0.000', '0.000', '0.000', '0.000'),
(21, 210, 4, 18, '0.000', '0.000', '0.000', '0.000'),
(22, 210, 4, 19, '0.000', '0.000', '0.000', '0.000'),
(23, 210, 4, 20, '0.000', '0.000', '0.000', '0.000'),
(24, 210, 3, 20, '0.000', '0.000', '0.000', '0.000'),
(25, 210, 5, 14, '0.000', '0.000', '0.000', '0.000'),
(26, 210, 5, 15, '0.000', '0.000', '0.000', '0.000'),
(28, 210, 5, 16, '0.000', '0.000', '0.000', '0.000'),
(29, 210, 5, 17, '0.000', '0.000', '0.000', '0.000'),
(30, 210, 5, 18, '0.000', '0.000', '0.000', '0.000'),
(31, 210, 5, 19, '0.000', '0.000', '0.000', '0.000'),
(32, 210, 5, 20, '0.000', '0.000', '0.000', '0.000'),
(33, 210, 8, 14, '0.000', '0.000', '0.000', '0.000'),
(34, 210, 8, 15, '0.000', '0.000', '0.000', '0.000'),
(35, 210, 8, 16, '0.000', '0.000', '0.000', '0.000'),
(36, 210, 8, 17, '0.000', '0.000', '0.000', '0.000'),
(37, 210, 8, 18, '0.000', '0.000', '0.000', '0.000'),
(38, 210, 8, 19, '0.000', '0.000', '0.000', '0.000'),
(39, 210, 8, 20, '0.000', '0.000', '0.000', '0.000'),
(40, 210, 9, 14, '0.000', '0.000', '0.000', '0.000'),
(41, 210, 9, 15, '0.000', '0.000', '0.000', '0.000'),
(42, 210, 9, 16, '0.000', '0.000', '0.000', '0.000'),
(43, 210, 9, 17, '0.000', '0.000', '0.000', '0.000'),
(44, 210, 9, 18, '0.000', '0.000', '0.000', '0.000'),
(45, 210, 9, 23, '0.000', '0.000', '0.000', '0.000'),
(46, 210, 9, 20, '0.000', '0.000', '0.000', '0.000'),
(47, 210, 6, 14, '0.000', '0.000', '0.000', '0.000'),
(48, 210, 6, 15, '0.000', '0.000', '0.000', '0.000'),
(49, 210, 6, 16, '0.000', '0.000', '0.000', '0.000'),
(50, 210, 6, 17, '0.000', '0.000', '0.000', '0.000'),
(51, 210, 6, 18, '0.000', '0.000', '0.000', '0.000'),
(52, 210, 6, 19, '0.000', '0.000', '0.000', '0.000'),
(53, 210, 6, 20, '0.000', '0.000', '0.000', '0.000'),
(54, 217, 1, 18, '0.000', '0.000', '0.000', '0.000'),
(55, 217, 2, 14, '0.000', '0.000', '0.000', '0.000'),
(56, 217, 2, 15, '0.000', '0.000', '0.000', '0.000'),
(57, 217, 2, 16, '0.000', '0.000', '0.000', '0.000'),
(58, 217, 2, 17, '0.000', '0.000', '0.000', '0.000'),
(59, 217, 2, 19, '0.000', '0.000', '0.000', '0.000'),
(60, 217, 2, 20, '0.000', '0.000', '0.000', '0.000'),
(61, 217, 2, 18, '0.000', '0.000', '0.000', '0.000'),
(62, 217, 3, 14, '0.000', '0.000', '0.000', '0.000'),
(63, 217, 3, 15, '0.000', '0.000', '0.000', '0.000'),
(64, 217, 3, 16, '0.000', '0.000', '0.000', '0.000'),
(65, 217, 3, 17, '0.000', '0.000', '0.000', '0.000'),
(66, 217, 3, 19, '0.000', '0.000', '0.000', '0.000'),
(67, 217, 3, 20, '0.000', '0.000', '0.000', '0.000'),
(68, 217, 3, 18, '0.000', '0.000', '0.000', '0.000'),
(69, 217, 4, 14, '0.000', '0.000', '0.000', '0.000'),
(70, 217, 4, 15, '0.000', '0.000', '0.000', '0.000'),
(71, 217, 4, 16, '0.000', '0.000', '0.000', '0.000'),
(72, 217, 4, 17, '0.000', '0.000', '0.000', '0.000'),
(73, 217, 4, 19, '0.000', '0.000', '0.000', '0.000'),
(74, 217, 4, 20, '0.000', '0.000', '0.000', '0.000'),
(75, 217, 4, 18, '0.000', '0.000', '0.000', '0.000'),
(76, 217, 5, 14, '0.000', '0.000', '0.000', '0.000'),
(77, 217, 5, 15, '0.000', '0.000', '0.000', '0.000'),
(78, 217, 5, 16, '0.000', '0.000', '0.000', '0.000'),
(79, 217, 5, 17, '0.000', '0.000', '0.000', '0.000'),
(80, 217, 5, 19, '0.000', '0.000', '0.000', '0.000'),
(81, 217, 5, 20, '0.000', '0.000', '0.000', '0.000'),
(82, 217, 5, 18, '0.000', '0.000', '0.000', '0.000'),
(83, 217, 6, 14, '0.000', '0.000', '0.000', '0.000'),
(84, 217, 6, 15, '0.000', '0.000', '0.000', '0.000'),
(85, 217, 6, 19, '0.000', '0.000', '0.000', '0.000'),
(86, 217, 8, 15, '0.000', '0.000', '0.000', '0.000'),
(87, 217, 8, 17, '0.000', '0.000', '0.000', '0.000'),
(88, 217, 9, 16, '0.000', '0.000', '0.000', '0.000'),
(89, 217, 17, 17, '0.000', '0.000', '0.000', '0.000'),
(90, 219, 1, 18, '0.000', '0.000', '0.000', '0.000'),
(91, 219, 2, 14, '0.000', '0.000', '0.000', '0.000'),
(92, 219, 2, 15, '0.000', '0.000', '0.000', '0.000'),
(93, 219, 2, 17, '0.000', '0.000', '0.000', '0.000'),
(95, 219, 2, 16, '0.000', '0.000', '0.000', '0.000'),
(96, 219, 2, 18, '0.000', '0.000', '0.000', '0.000'),
(98, 219, 2, 19, '0.000', '0.000', '0.000', '0.000'),
(99, 219, 3, 14, '0.000', '0.000', '0.000', '0.000'),
(100, 219, 3, 15, '0.000', '0.000', '0.000', '0.000'),
(101, 219, 3, 17, '0.000', '0.000', '0.000', '0.000'),
(102, 219, 3, 16, '0.000', '0.000', '0.000', '0.000'),
(103, 219, 3, 19, '0.000', '0.000', '0.000', '0.000'),
(104, 219, 4, 15, '0.000', '0.000', '0.000', '0.000'),
(105, 219, 4, 14, '0.000', '0.000', '0.000', '0.000'),
(106, 219, 4, 17, '0.000', '0.000', '0.000', '0.000'),
(107, 219, 4, 16, '0.000', '0.000', '0.000', '0.000'),
(108, 219, 4, 18, '0.000', '0.000', '0.000', '0.000'),
(109, 219, 4, 19, '0.000', '0.000', '0.000', '0.000'),
(110, 219, 5, 15, '0.000', '0.000', '0.000', '0.000'),
(111, 219, 5, 14, '0.000', '0.000', '0.000', '0.000'),
(112, 219, 5, 17, '0.000', '0.000', '0.000', '0.000'),
(113, 219, 5, 16, '0.000', '0.000', '0.000', '0.000'),
(114, 219, 5, 19, '0.000', '0.000', '0.000', '0.000'),
(116, 219, 8, 14, '0.000', '0.000', '0.000', '0.000'),
(117, 219, 9, 16, '0.000', '0.000', '0.000', '0.000'),
(119, 197, 12, 27, '0.000', '0.000', '0.000', '0.000'),
(120, 219, 10, 27, '0.000', '0.000', '0.000', '0.000'),
(121, 220, 11, 19, '0.000', '0.000', '0.000', '0.000'),
(122, 219, 11, 27, '0.000', '0.000', '0.000', '0.000'),
(123, 221, 1, 18, '0.000', '0.000', '0.000', '0.000'),
(124, 221, 2, 15, '0.000', '0.000', '0.000', '0.000'),
(125, 221, 2, 14, '0.000', '0.000', '0.000', '0.000'),
(126, 221, 2, 17, '0.000', '0.000', '0.000', '0.000'),
(127, 221, 2, 16, '0.000', '0.000', '0.000', '0.000'),
(129, 221, 2, 18, '0.000', '0.000', '0.000', '0.000'),
(130, 221, 2, 19, '0.000', '0.000', '0.000', '0.000'),
(131, 221, 25, 27, '0.000', '0.000', '0.000', '0.000'),
(132, 223, 25, 17, '0.000', '0.000', '0.000', '0.000'),
(133, 223, 25, 24, '0.000', '0.000', '0.000', '0.000'),
(135, 223, 25, 19, '0.000', '0.000', '0.000', '0.000'),
(136, 223, 25, 25, '0.000', '0.000', '0.000', '0.000'),
(137, 223, 25, 15, '0.000', '0.000', '0.000', '0.000'),
(138, 223, 25, 16, '0.000', '0.000', '0.000', '0.000'),
(139, 221, 8, 16, '0.000', '0.000', '0.000', '0.000'),
(140, 221, 9, 14, '0.000', '0.000', '0.000', '0.000'),
(141, 221, 9, 17, '0.000', '0.000', '0.000', '0.000'),
(142, 221, 9, 16, '0.000', '0.000', '0.000', '0.000'),
(143, 221, 10, 27, '0.000', '0.000', '0.000', '0.000'),
(144, 221, 11, 27, '0.000', '0.000', '0.000', '0.000'),
(145, 221, 12, 27, '0.000', '0.000', '0.000', '0.000'),
(146, 224, 6, 19, '0.000', '0.000', '0.000', '0.000'),
(147, 224, 6, 25, '0.000', '0.000', '0.000', '0.000'),
(148, 224, 25, 27, '0.000', '0.000', '0.000', '0.000'),
(149, 224, 8, 17, '0.000', '0.000', '0.000', '0.000'),
(150, 224, 8, 19, '0.000', '0.000', '0.000', '0.000'),
(151, 224, 10, 27, '0.000', '0.000', '0.000', '0.000'),
(152, 265, 1, 18, '0.000', '0.000', '0.000', '0.000'),
(153, 265, 6, 27, '0.000', '0.000', '0.000', '0.000'),
(154, 265, 25, 27, '0.000', '0.000', '0.000', '0.000'),
(155, 265, 8, 27, '0.000', '0.000', '0.000', '0.000'),
(156, 267, 1, 18, '0.000', '0.000', '0.000', '0.000'),
(157, 267, 2, 16, '0.000', '0.000', '0.000', '0.000'),
(158, 267, 2, 17, '0.000', '0.000', '0.000', '0.000'),
(159, 267, 5, 14, '0.000', '0.000', '0.000', '0.000'),
(160, 267, 5, 15, '0.000', '0.000', '0.000', '0.000'),
(161, 267, 5, 16, '0.000', '0.000', '0.000', '0.000'),
(162, 267, 5, 21, '0.000', '0.000', '0.000', '0.000'),
(163, 267, 25, 27, '0.000', '0.000', '0.000', '0.000'),
(164, 267, 8, 27, '0.000', '0.000', '0.000', '0.000'),
(165, 266, 25, 27, '0.000', '0.000', '0.000', '0.000'),
(166, 266, 8, 27, '0.000', '0.000', '0.000', '0.000'),
(167, 304, 1, 18, '0.000', '0.000', '0.000', '0.000'),
(168, 304, 2, 14, '0.000', '0.000', '0.000', '0.000'),
(169, 304, 3, 17, '0.000', '0.000', '0.000', '0.000'),
(170, 304, 4, 16, '0.000', '0.000', '0.000', '0.000'),
(171, 304, 5, 16, '0.000', '0.000', '0.000', '0.000'),
(172, 304, 6, 14, '0.000', '0.000', '0.000', '0.000'),
(173, 304, 6, 17, '0.000', '0.000', '0.000', '0.000'),
(174, 304, 25, 27, '0.000', '0.000', '0.000', '0.000'),
(175, 305, 25, 15, '0.000', '0.000', '0.000', '0.000'),
(176, 381, 1, 18, '0.000', '0.000', '0.000', '0.000'),
(178, 264, 1, 18, '0.000', '0.000', '0.000', '0.000'),
(179, 264, 2, 14, '0.000', '0.000', '0.000', '0.000'),
(180, 381, 2, 15, '0.000', '0.000', '0.000', '0.000'),
(181, 264, 2, 17, '0.000', '0.000', '0.000', '0.000'),
(182, 264, 2, 18, '0.000', '0.000', '0.000', '0.000'),
(184, 381, 3, 14, '0.000', '0.000', '0.000', '0.000'),
(185, 264, 3, 15, '0.000', '0.000', '0.000', '0.000'),
(186, 381, 3, 16, '0.000', '0.000', '0.000', '0.000'),
(187, 264, 3, 16, '0.000', '0.000', '0.000', '0.000'),
(188, 381, 3, 19, '0.000', '0.000', '0.000', '0.000'),
(189, 264, 4, 14, '0.000', '0.000', '0.000', '0.000'),
(190, 381, 4, 17, '0.000', '0.000', '0.000', '0.000'),
(191, 264, 4, 18, '0.000', '0.000', '0.000', '0.000'),
(192, 381, 5, 15, '0.000', '0.000', '0.000', '0.000'),
(193, 264, 5, 17, '0.000', '0.000', '0.000', '0.000'),
(194, 381, 25, 27, '0.000', '0.000', '0.000', '0.000'),
(195, 290, 1, 18, '0.000', '0.000', '0.000', '0.000'),
(196, 383, 1, 18, '0.000', '0.000', '0.000', '0.000'),
(197, 383, 2, 14, '0.000', '0.000', '0.000', '0.000'),
(198, 290, 2, 15, '0.000', '0.000', '0.000', '0.000'),
(199, 383, 2, 18, '0.000', '0.000', '0.000', '0.000'),
(200, 290, 3, 14, '0.000', '0.000', '0.000', '0.000'),
(201, 290, 3, 16, '0.000', '0.000', '0.000', '0.000'),
(202, 290, 3, 17, '0.000', '0.000', '0.000', '0.000'),
(203, 383, 5, 14, '0.000', '0.000', '0.000', '0.000'),
(204, 290, 5, 15, '0.000', '0.000', '0.000', '0.000'),
(205, 290, 25, 15, '0.000', '0.000', '0.000', '0.000'),
(206, 383, 25, 17, '0.000', '0.000', '0.000', '0.000'),
(207, 290, 25, 27, '0.000', '0.000', '0.000', '0.000'),
(208, 288, 2, 27, '0.000', '0.000', '0.000', '0.000'),
(209, 288, 25, 27, '0.000', '0.000', '0.000', '0.000'),
(210, 288, 8, 27, '0.000', '0.000', '0.000', '0.000'),
(211, 284, 1, 28, '0.000', '0.000', '0.000', '0.000'),
(212, 284, 2, 34, '0.000', '0.000', '0.000', '0.000'),
(213, 284, 2, 28, '0.000', '0.000', '0.000', '0.000'),
(214, 284, 3, 34, '0.000', '0.000', '0.000', '0.000'),
(216, 284, 3, 28, '0.000', '0.000', '0.000', '0.000'),
(217, 284, 6, 28, '0.000', '0.000', '0.000', '0.000'),
(218, 284, 6, 34, '0.000', '0.000', '0.000', '0.000'),
(219, 284, 8, 34, '0.000', '0.000', '0.000', '0.000'),
(221, 284, 8, 28, '0.000', '0.000', '0.000', '0.000'),
(222, 284, 12, 28, '0.000', '0.000', '0.000', '0.000'),
(223, 284, 12, 34, '0.000', '0.000', '0.000', '0.000'),
(224, 291, 1, 18, '0.000', '0.000', '0.000', '0.000'),
(225, 291, 1, 27, '0.000', '0.000', '0.000', '0.000'),
(226, 291, 2, 14, '0.000', '0.000', '0.000', '0.000'),
(227, 291, 2, 16, '0.000', '0.000', '0.000', '0.000'),
(228, 291, 2, 19, '0.000', '0.000', '0.000', '0.000'),
(229, 291, 3, 14, '0.000', '0.000', '0.000', '0.000'),
(230, 291, 3, 16, '0.000', '0.000', '0.000', '0.000'),
(231, 291, 3, 17, '0.000', '0.000', '0.000', '0.000'),
(232, 291, 3, 18, '0.000', '0.000', '0.000', '0.000'),
(233, 291, 4, 14, '0.000', '0.000', '0.000', '0.000'),
(234, 291, 4, 16, '0.000', '0.000', '0.000', '0.000'),
(235, 291, 5, 19, '0.000', '0.000', '0.000', '0.000'),
(236, 291, 6, 16, '0.000', '0.000', '0.000', '0.000'),
(237, 291, 6, 18, '0.000', '0.000', '0.000', '0.000'),
(239, 291, 6, 19, '0.000', '0.000', '0.000', '0.000'),
(240, 291, 25, 27, '0.000', '0.000', '0.000', '0.000'),
(241, 291, 8, 14, '0.000', '0.000', '0.000', '0.000'),
(242, 291, 8, 16, '0.000', '0.000', '0.000', '0.000'),
(243, 249, 2, 31, '0.000', '0.000', '0.000', '0.000'),
(244, 249, 2, 29, '0.000', '0.000', '0.000', '0.000'),
(245, 249, 2, 19, '0.000', '0.000', '0.000', '0.000'),
(246, 247, 1, 30, '0.000', '0.000', '0.000', '0.000'),
(247, 247, 1, 29, '0.000', '0.000', '0.000', '0.000'),
(248, 247, 1, 28, '0.000', '0.000', '0.000', '0.000'),
(249, 247, 1, 35, '0.000', '0.000', '0.000', '0.000'),
(250, 247, 2, 31, '0.000', '0.000', '0.000', '0.000'),
(251, 247, 2, 30, '0.000', '0.000', '0.000', '0.000'),
(252, 247, 2, 29, '0.000', '0.000', '0.000', '0.000'),
(253, 247, 2, 28, '0.000', '0.000', '0.000', '0.000'),
(254, 247, 2, 35, '0.000', '0.000', '0.000', '0.000'),
(255, 247, 2, 34, '0.000', '0.000', '0.000', '0.000'),
(256, 247, 2, 22, '0.000', '0.000', '0.000', '0.000'),
(257, 247, 3, 30, '0.000', '0.000', '0.000', '0.000'),
(258, 247, 3, 29, '0.000', '0.000', '0.000', '0.000'),
(259, 247, 3, 28, '0.000', '0.000', '0.000', '0.000'),
(261, 247, 3, 35, '0.000', '0.000', '0.000', '0.000'),
(262, 247, 3, 34, '0.000', '0.000', '0.000', '0.000'),
(263, 247, 3, 22, '0.000', '0.000', '0.000', '0.000'),
(264, 247, 6, 28, '0.000', '0.000', '0.000', '0.000'),
(265, 247, 25, 30, '0.000', '0.000', '0.000', '0.000'),
(266, 247, 25, 31, '0.000', '0.000', '0.000', '0.000'),
(267, 247, 25, 29, '0.000', '0.000', '0.000', '0.000'),
(268, 247, 25, 28, '0.000', '0.000', '0.000', '0.000'),
(269, 247, 25, 35, '0.000', '0.000', '0.000', '0.000'),
(270, 247, 25, 34, '0.000', '0.000', '0.000', '0.000'),
(271, 247, 25, 22, '0.000', '0.000', '0.000', '0.000'),
(272, 247, 8, 30, '0.000', '0.000', '0.000', '0.000'),
(273, 247, 8, 31, '0.000', '0.000', '0.000', '0.000'),
(274, 247, 8, 29, '0.000', '0.000', '0.000', '0.000'),
(275, 247, 8, 28, '0.000', '0.000', '0.000', '0.000'),
(276, 247, 8, 35, '0.000', '0.000', '0.000', '0.000'),
(277, 247, 8, 34, '0.000', '0.000', '0.000', '0.000'),
(278, 247, 8, 22, '0.000', '0.000', '0.000', '0.000'),
(279, 247, 10, 30, '0.000', '0.000', '0.000', '0.000'),
(280, 247, 10, 31, '0.000', '0.000', '0.000', '0.000'),
(281, 247, 10, 29, '0.000', '0.000', '0.000', '0.000'),
(282, 247, 10, 28, '0.000', '0.000', '0.000', '0.000'),
(283, 247, 10, 34, '0.000', '0.000', '0.000', '0.000'),
(284, 247, 10, 22, '0.000', '0.000', '0.000', '0.000'),
(285, 247, 11, 29, '0.000', '0.000', '0.000', '0.000'),
(286, 247, 11, 34, '0.000', '0.000', '0.000', '0.000'),
(287, 247, 12, 31, '0.000', '0.000', '0.000', '0.000'),
(288, 247, 12, 29, '0.000', '0.000', '0.000', '0.000'),
(289, 247, 12, 28, '0.000', '0.000', '0.000', '0.000'),
(290, 247, 12, 34, '0.000', '0.000', '0.000', '0.000'),
(291, 247, 12, 22, '0.000', '0.000', '0.000', '0.000'),
(292, 195, 1, 18, '0.000', '0.000', '0.000', '0.000'),
(293, 195, 2, 14, '0.000', '0.000', '0.000', '0.000'),
(294, 195, 2, 16, '0.000', '0.000', '0.000', '0.000'),
(295, 195, 3, 17, '0.000', '0.000', '0.000', '0.000'),
(296, 195, 4, 14, '0.000', '0.000', '0.000', '0.000'),
(297, 195, 4, 18, '0.000', '0.000', '0.000', '0.000'),
(298, 195, 5, 14, '0.000', '0.000', '0.000', '0.000'),
(299, 195, 5, 22, '0.000', '0.000', '0.000', '0.000'),
(300, 195, 5, 25, '0.000', '0.000', '0.000', '0.000'),
(301, 195, 5, 17, '0.000', '0.000', '0.000', '0.000'),
(302, 195, 6, 16, '0.000', '0.000', '0.000', '0.000'),
(303, 195, 25, 27, '0.000', '0.000', '0.000', '0.000'),
(304, 196, 25, 28, '0.000', '0.000', '0.000', '0.000'),
(305, 196, 25, 17, '0.000', '0.000', '0.000', '0.000'),
(306, 196, 25, 36, '0.000', '0.000', '0.000', '0.000'),
(307, 196, 11, 25, '0.000', '0.000', '0.000', '0.000'),
(308, 196, 11, 17, '0.000', '0.000', '0.000', '0.000'),
(309, 195, 12, 27, '0.000', '0.000', '0.000', '0.000'),
(310, 193, 4, 18, '0.000', '0.000', '0.000', '0.000'),
(311, 194, 25, 36, '0.000', '0.000', '0.000', '0.000'),
(312, 194, 25, 17, '0.000', '0.000', '0.000', '0.000'),
(313, 194, 11, 25, '0.000', '0.000', '0.000', '0.000'),
(314, 194, 11, 22, '0.000', '0.000', '0.000', '0.000'),
(315, 193, 12, 27, '0.000', '0.000', '0.000', '0.000'),
(316, 282, 1, 18, '0.000', '0.000', '0.000', '0.000'),
(317, 282, 3, 19, '0.000', '0.000', '0.000', '0.000'),
(318, 282, 4, 18, '0.000', '0.000', '0.000', '0.000'),
(319, 282, 4, 19, '0.000', '0.000', '0.000', '0.000'),
(320, 282, 25, 27, '0.000', '0.000', '0.000', '0.000'),
(321, 282, 9, 18, '0.000', '0.000', '0.000', '0.000'),
(322, 282, 12, 27, '0.000', '0.000', '0.000', '0.000'),
(323, 283, 25, 15, '0.000', '0.000', '0.000', '0.000'),
(324, 270, 1, 18, '0.000', '0.000', '0.000', '0.000'),
(325, 270, 1, 19, '0.000', '0.000', '0.000', '0.000'),
(326, 270, 2, 15, '0.000', '0.000', '0.000', '0.000'),
(327, 270, 2, 16, '0.000', '0.000', '0.000', '0.000'),
(328, 270, 2, 22, '0.000', '0.000', '0.000', '0.000'),
(329, 270, 2, 18, '0.000', '0.000', '0.000', '0.000'),
(330, 270, 2, 19, '0.000', '0.000', '0.000', '0.000'),
(331, 270, 3, 14, '0.000', '0.000', '0.000', '0.000'),
(332, 270, 4, 15, '0.000', '0.000', '0.000', '0.000'),
(333, 270, 4, 16, '0.000', '0.000', '0.000', '0.000'),
(334, 270, 4, 19, '0.000', '0.000', '0.000', '0.000'),
(335, 270, 5, 19, '0.000', '0.000', '0.000', '0.000'),
(336, 270, 5, 20, '0.000', '0.000', '0.000', '0.000'),
(337, 270, 6, 15, '0.000', '0.000', '0.000', '0.000'),
(338, 270, 6, 16, '0.000', '0.000', '0.000', '0.000'),
(339, 270, 6, 19, '0.000', '0.000', '0.000', '0.000'),
(340, 270, 25, 27, '0.000', '0.000', '0.000', '0.000'),
(341, 270, 12, 27, '0.000', '0.000', '0.000', '0.000'),
(342, 273, 2, 15, '0.000', '0.000', '0.000', '0.000'),
(343, 273, 2, 17, '0.000', '0.000', '0.000', '0.000'),
(344, 273, 2, 18, '0.000', '0.000', '0.000', '0.000'),
(345, 273, 2, 19, '0.000', '0.000', '0.000', '0.000'),
(346, 273, 2, 20, '0.000', '0.000', '0.000', '0.000'),
(347, 273, 3, 15, '0.000', '0.000', '0.000', '0.000'),
(348, 273, 4, 22, '0.000', '0.000', '0.000', '0.000'),
(349, 273, 4, 19, '0.000', '0.000', '0.000', '0.000'),
(350, 273, 4, 20, '0.000', '0.000', '0.000', '0.000'),
(352, 273, 5, 16, '0.000', '0.000', '0.000', '0.000'),
(353, 273, 5, 22, '0.000', '0.000', '0.000', '0.000'),
(355, 273, 5, 18, '0.000', '0.000', '0.000', '0.000'),
(356, 273, 5, 20, '0.000', '0.000', '0.000', '0.000'),
(357, 273, 25, 27, '0.000', '0.000', '0.000', '0.000'),
(358, 274, 25, 15, '0.000', '0.000', '0.000', '0.000'),
(359, 273, 9, 16, '0.000', '0.000', '0.000', '0.000'),
(360, 273, 9, 18, '0.000', '0.000', '0.000', '0.000'),
(361, 273, 12, 27, '0.000', '0.000', '0.000', '0.000'),
(362, 271, 1, 18, '0.000', '0.000', '0.000', '0.000'),
(363, 271, 2, 19, '0.000', '0.000', '0.000', '0.000'),
(364, 271, 3, 14, '0.000', '0.000', '0.000', '0.000'),
(365, 271, 3, 16, '0.000', '0.000', '0.000', '0.000'),
(366, 271, 3, 19, '0.000', '0.000', '0.000', '0.000'),
(367, 271, 4, 14, '0.000', '0.000', '0.000', '0.000'),
(368, 271, 4, 16, '0.000', '0.000', '0.000', '0.000'),
(369, 271, 4, 22, '0.000', '0.000', '0.000', '0.000'),
(370, 271, 25, 27, '0.000', '0.000', '0.000', '0.000'),
(371, 271, 12, 27, '0.000', '0.000', '0.000', '0.000'),
(372, 272, 1, 18, '0.000', '0.000', '0.000', '0.000'),
(373, 272, 2, 14, '0.000', '0.000', '0.000', '0.000'),
(374, 272, 2, 22, '0.000', '0.000', '0.000', '0.000'),
(375, 272, 4, 14, '0.000', '0.000', '0.000', '0.000'),
(376, 272, 4, 16, '0.000', '0.000', '0.000', '0.000'),
(377, 272, 4, 22, '0.000', '0.000', '0.000', '0.000'),
(378, 272, 4, 19, '0.000', '0.000', '0.000', '0.000'),
(379, 272, 5, 22, '0.000', '0.000', '0.000', '0.000'),
(380, 272, 5, 20, '0.000', '0.000', '0.000', '0.000'),
(381, 272, 6, 14, '0.000', '0.000', '0.000', '0.000'),
(382, 272, 6, 19, '0.000', '0.000', '0.000', '0.000'),
(383, 272, 12, 27, '0.000', '0.000', '0.000', '0.000'),
(384, 244, 2, 14, '0.000', '0.000', '0.000', '0.000'),
(385, 244, 4, 17, '0.000', '0.000', '0.000', '0.000'),
(386, 244, 6, 17, '0.000', '0.000', '0.000', '0.000'),
(387, 244, 25, 27, '0.000', '0.000', '0.000', '0.000'),
(388, 243, 25, 27, '0.000', '0.000', '0.000', '0.000'),
(389, 243, 26, 27, '0.000', '0.000', '0.000', '0.000'),
(390, 300, 1, 18, '0.000', '0.000', '0.000', '0.000'),
(391, 300, 2, 14, '0.000', '0.000', '0.000', '0.000'),
(392, 300, 3, 14, '0.000', '0.000', '0.000', '0.000'),
(393, 300, 3, 15, '0.000', '0.000', '0.000', '0.000'),
(394, 300, 3, 16, '0.000', '0.000', '0.000', '0.000'),
(395, 300, 3, 21, '0.000', '0.000', '0.000', '0.000'),
(396, 300, 3, 18, '0.000', '0.000', '0.000', '0.000'),
(397, 300, 3, 19, '0.000', '0.000', '0.000', '0.000'),
(398, 300, 4, 14, '0.000', '0.000', '0.000', '0.000'),
(399, 300, 4, 19, '0.000', '0.000', '0.000', '0.000'),
(400, 300, 5, 14, '0.000', '0.000', '0.000', '0.000'),
(401, 300, 5, 16, '0.000', '0.000', '0.000', '0.000'),
(402, 300, 5, 18, '0.000', '0.000', '0.000', '0.000'),
(404, 300, 5, 19, '0.000', '0.000', '0.000', '0.000'),
(405, 300, 6, 14, '0.000', '0.000', '0.000', '0.000'),
(406, 300, 6, 16, '0.000', '0.000', '0.000', '0.000'),
(407, 300, 6, 18, '0.000', '0.000', '0.000', '0.000'),
(408, 300, 25, 27, '0.000', '0.000', '0.000', '0.000'),
(409, 300, 12, 27, '0.000', '0.000', '0.000', '0.000'),
(410, 197, 2, 16, '0.000', '0.000', '0.000', '0.000'),
(411, 197, 3, 15, '0.000', '0.000', '0.000', '0.000'),
(412, 197, 4, 14, '0.000', '0.000', '0.000', '0.000'),
(413, 197, 4, 18, '0.000', '0.000', '0.000', '0.000'),
(414, 197, 5, 14, '0.000', '0.000', '0.000', '0.000'),
(415, 197, 6, 16, '0.000', '0.000', '0.000', '0.000'),
(416, 197, 25, 27, '0.000', '0.000', '0.000', '0.000'),
(417, 200, 25, 36, '0.000', '0.000', '0.000', '0.000'),
(418, 200, 25, 17, '0.000', '0.000', '0.000', '0.000'),
(419, 200, 25, 19, '0.000', '0.000', '0.000', '0.000'),
(420, 200, 25, 28, '0.000', '0.000', '0.000', '0.000'),
(421, 197, 8, 14, '0.000', '0.000', '0.000', '0.000'),
(422, 197, 9, 17, '0.000', '0.000', '0.000', '0.000'),
(423, 200, 11, 25, '0.000', '0.000', '0.000', '0.000'),
(425, 251, 2, 15, '0.000', '0.000', '0.000', '0.000'),
(426, 251, 2, 16, '0.000', '0.000', '0.000', '0.000'),
(427, 251, 5, 14, '0.000', '0.000', '0.000', '0.000'),
(428, 251, 5, 15, '0.000', '0.000', '0.000', '0.000'),
(429, 251, 5, 16, '0.000', '0.000', '0.000', '0.000'),
(430, 251, 5, 17, '0.000', '0.000', '0.000', '0.000'),
(431, 251, 6, 15, '0.000', '0.000', '0.000', '0.000'),
(432, 251, 25, 27, '0.000', '0.000', '0.000', '0.000'),
(433, 251, 11, 27, '0.000', '0.000', '0.000', '0.000'),
(434, 251, 12, 27, '0.000', '0.000', '0.000', '0.000'),
(435, 251, 19, 15, '0.000', '0.000', '0.000', '0.000'),
(436, 252, 1, 18, '0.000', '0.000', '0.000', '0.000'),
(437, 252, 2, 15, '0.000', '0.000', '0.000', '0.000'),
(438, 252, 2, 16, '0.000', '0.000', '0.000', '0.000'),
(439, 252, 2, 17, '0.000', '0.000', '0.000', '0.000'),
(440, 252, 3, 15, '0.000', '0.000', '0.000', '0.000'),
(441, 252, 3, 16, '0.000', '0.000', '0.000', '0.000'),
(442, 252, 3, 17, '0.000', '0.000', '0.000', '0.000'),
(443, 252, 4, 15, '0.000', '0.000', '0.000', '0.000'),
(444, 252, 4, 16, '0.000', '0.000', '0.000', '0.000'),
(445, 252, 4, 17, '0.000', '0.000', '0.000', '0.000'),
(446, 252, 5, 14, '0.000', '0.000', '0.000', '0.000'),
(447, 252, 5, 15, '0.000', '0.000', '0.000', '0.000'),
(448, 252, 5, 16, '0.000', '0.000', '0.000', '0.000'),
(449, 252, 5, 17, '0.000', '0.000', '0.000', '0.000'),
(450, 252, 25, 27, '0.000', '0.000', '0.000', '0.000'),
(451, 252, 12, 27, '0.000', '0.000', '0.000', '0.000'),
(452, 382, 1, 18, '0.000', '0.000', '0.000', '0.000'),
(453, 382, 2, 14, '0.000', '0.000', '0.000', '0.000'),
(454, 382, 2, 17, '0.000', '0.000', '0.000', '0.000'),
(455, 382, 3, 17, '0.000', '0.000', '0.000', '0.000'),
(456, 382, 5, 14, '0.000', '0.000', '0.000', '0.000'),
(457, 382, 6, 14, '0.000', '0.000', '0.000', '0.000'),
(458, 382, 6, 16, '0.000', '0.000', '0.000', '0.000'),
(459, 382, 25, 27, '0.000', '0.000', '0.000', '0.000'),
(460, 303, 7, 37, '0.000', '0.000', '0.000', '0.000'),
(461, 250, 1, 18, '0.000', '0.000', '0.000', '0.000'),
(462, 250, 2, 14, '0.000', '0.000', '0.000', '0.000'),
(463, 250, 2, 27, '0.000', '0.000', '0.000', '0.000'),
(464, 250, 5, 16, '0.000', '0.000', '0.000', '0.000'),
(466, 250, 25, 27, '0.000', '0.000', '0.000', '0.000'),
(467, 250, 18, 27, '0.000', '0.000', '0.000', '0.000'),
(468, 382, 6, 17, '0.000', '0.000', '0.000', '0.000'),
(469, 302, 1, 18, '0.000', '0.000', '0.000', '0.000'),
(470, 302, 2, 14, '0.000', '0.000', '0.000', '0.000'),
(471, 302, 2, 16, '0.000', '0.000', '0.000', '0.000'),
(472, 302, 4, 14, '0.000', '0.000', '0.000', '0.000'),
(473, 302, 4, 15, '0.000', '0.000', '0.000', '0.000'),
(474, 302, 4, 16, '0.000', '0.000', '0.000', '0.000'),
(475, 302, 4, 17, '0.000', '0.000', '0.000', '0.000'),
(476, 302, 5, 18, '0.000', '0.000', '0.000', '0.000'),
(477, 302, 6, 16, '0.000', '0.000', '0.000', '0.000'),
(478, 302, 8, 14, '0.000', '0.000', '0.000', '0.000'),
(479, 301, 1, 18, '0.000', '0.000', '0.000', '0.000'),
(480, 301, 2, 17, '0.000', '0.000', '0.000', '0.000'),
(481, 237, 25, 27, '0.000', '0.000', '0.000', '0.000'),
(482, 235, 25, 27, '0.000', '0.000', '0.000', '0.000'),
(483, 235, 6, 14, '0.000', '0.000', '0.000', '0.000'),
(484, 236, 6, 14, '0.000', '0.000', '0.000', '0.000'),
(485, 233, 4, 14, '0.000', '0.000', '0.000', '0.000'),
(486, 233, 2, 14, '0.000', '0.000', '0.000', '0.000'),
(487, 384, 12, 27, '0.000', '0.000', '0.000', '0.000'),
(488, 387, 25, 15, '0.000', '0.000', '0.000', '0.000'),
(489, 391, 11, 15, '0.000', '0.000', '0.000', '0.000'),
(490, 393, 25, 15, '0.000', '0.000', '0.000', '0.000'),
(491, 393, 11, 15, '0.000', '0.000', '0.000', '0.000'),
(492, 395, 25, 15, '0.000', '0.000', '0.000', '0.000'),
(493, 386, 25, 27, '0.000', '0.000', '0.000', '0.000'),
(494, 386, 1, 18, '0.000', '0.000', '0.000', '0.000'),
(495, 276, 11, 19, '0.000', '0.000', '0.000', '0.000'),
(496, 276, 25, 15, '0.000', '0.000', '0.000', '0.000'),
(497, 276, 25, 38, '0.000', '0.000', '0.000', '0.000'),
(498, 278, 25, 19, '0.000', '0.000', '0.000', '0.000'),
(499, 278, 11, 19, '0.000', '0.000', '0.000', '0.000'),
(500, 277, 1, 18, '0.000', '0.000', '0.000', '0.000'),
(501, 283, 11, 19, '0.000', '0.000', '0.000', '0.000'),
(504, 325, 25, 27, '0.000', '0.000', '0.000', '0.000'),
(505, 227, 4, 14, '0.000', '0.000', '0.000', '0.000'),
(506, 227, 9, 16, '0.000', '0.000', '0.000', '0.000'),
(507, 227, 9, 14, '0.000', '0.000', '0.000', '0.000'),
(508, 227, 1, 18, '0.000', '0.000', '0.000', '0.000'),
(509, 255, 1, 18, '0.000', '0.000', '0.000', '0.000'),
(510, 254, 25, 27, '0.000', '0.000', '0.000', '0.000'),
(511, 254, 1, 18, '0.000', '0.000', '0.000', '0.000'),
(512, 254, 12, 27, '0.000', '0.000', '0.000', '0.000'),
(513, 254, 2, 19, '0.000', '0.000', '0.000', '0.000'),
(514, 185, 1, 27, '0.000', '0.000', '0.000', '0.000'),
(515, 185, 4, 19, '0.000', '0.000', '0.000', '0.000'),
(516, 185, 3, 14, '0.000', '0.000', '0.000', '0.000'),
(517, 185, 3, 16, '0.000', '0.000', '0.000', '0.000'),
(518, 185, 3, 18, '0.000', '0.000', '0.000', '0.000'),
(519, 186, 25, 27, '0.000', '0.000', '0.000', '0.000'),
(520, 186, 4, 16, '0.000', '0.000', '0.000', '0.000'),
(521, 186, 4, 14, '0.000', '0.000', '0.000', '0.000'),
(522, 186, 3, 19, '0.000', '0.000', '0.000', '0.000'),
(523, 186, 3, 16, '0.000', '0.000', '0.000', '0.000'),
(524, 186, 3, 14, '0.000', '0.000', '0.000', '0.000'),
(525, 186, 8, 27, '0.000', '0.000', '0.000', '0.000'),
(526, 186, 12, 27, '0.000', '0.000', '0.000', '0.000'),
(528, 249, 3, 30, '0.000', '0.000', '0.000', '0.000'),
(529, 249, 3, 29, '0.000', '0.000', '0.000', '0.000'),
(530, 249, 3, 19, '0.000', '0.000', '0.000', '0.000'),
(531, 249, 4, 29, '0.000', '0.000', '0.000', '0.000'),
(532, 249, 4, 19, '0.000', '0.000', '0.000', '0.000'),
(533, 247, 4, 31, '0.000', '0.000', '0.000', '0.000'),
(534, 247, 4, 30, '0.000', '0.000', '0.000', '0.000'),
(535, 247, 4, 29, '0.000', '0.000', '0.000', '0.000'),
(536, 247, 4, 28, '0.000', '0.000', '0.000', '0.000'),
(537, 247, 4, 35, '0.000', '0.000', '0.000', '0.000'),
(538, 247, 4, 34, '0.000', '0.000', '0.000', '0.000'),
(539, 247, 4, 22, '0.000', '0.000', '0.000', '0.000'),
(540, 247, 11, 22, '0.000', '0.000', '0.000', '0.000'),
(541, 211, 25, 23, '0.000', '0.000', '0.000', '0.000'),
(542, 211, 25, 19, '0.000', '0.000', '0.000', '0.000'),
(543, 210, 10, 27, '0.000', '0.000', '0.000', '0.000'),
(544, 210, 19, 15, '0.000', '0.000', '0.000', '0.000'),
(545, 219, 8, 15, '0.000', '0.000', '0.000', '0.000'),
(546, 219, 8, 17, '0.000', '0.000', '0.000', '0.000'),
(547, 219, 7, 27, '0.000', '0.000', '0.000', '0.000'),
(548, 219, 25, 27, '0.000', '0.000', '0.000', '0.000'),
(549, 302, 25, 27, '0.000', '0.000', '0.000', '0.000'),
(550, 265, 6, 19, '0.000', '0.000', '0.000', '0.000'),
(551, 265, 6, 14, '0.000', '0.000', '0.000', '0.000'),
(552, 265, 6, 17, '0.000', '0.000', '0.000', '0.000'),
(553, 265, 6, 15, '0.000', '0.000', '0.000', '0.000'),
(554, 220, 25, 19, '0.000', '0.000', '0.000', '0.000'),
(555, 220, 25, 24, '0.000', '0.000', '0.000', '0.000'),
(556, 220, 25, 17, '0.000', '0.000', '0.000', '0.000'),
(557, 220, 25, 15, '0.000', '0.000', '0.000', '0.000'),
(558, 220, 15, 25, '0.000', '0.000', '0.000', '0.000'),
(559, 218, 25, 23, '0.000', '0.000', '0.000', '0.000'),
(560, 218, 25, 19, '0.000', '0.000', '0.000', '0.000'),
(561, 218, 25, 16, '0.000', '0.000', '0.000', '0.000'),
(562, 218, 25, 15, '0.000', '0.000', '0.000', '0.000'),
(563, 218, 25, 17, '0.000', '0.000', '0.000', '0.000'),
(564, 220, 25, 16, '0.000', '0.000', '0.000', '0.000'),
(565, 219, 4, 39, '0.000', '0.000', '0.000', '0.000'),
(566, 217, 6, 20, '0.000', '0.000', '0.000', '0.000'),
(567, 221, 5, 14, '0.000', '0.000', '0.000', '0.000'),
(568, 221, 5, 17, '0.000', '0.000', '0.000', '0.000'),
(569, 221, 3, 14, '0.000', '0.000', '0.000', '0.000'),
(570, 221, 3, 15, '0.000', '0.000', '0.000', '0.000'),
(571, 221, 3, 17, '0.000', '0.000', '0.000', '0.000'),
(572, 221, 3, 16, '0.000', '0.000', '0.000', '0.000'),
(573, 221, 3, 18, '0.000', '0.000', '0.000', '0.000'),
(574, 221, 3, 19, '0.000', '0.000', '0.000', '0.000'),
(575, 221, 4, 14, '0.000', '0.000', '0.000', '0.000'),
(576, 221, 4, 15, '0.000', '0.000', '0.000', '0.000'),
(577, 221, 4, 17, '0.000', '0.000', '0.000', '0.000'),
(578, 221, 4, 16, '0.000', '0.000', '0.000', '0.000'),
(579, 221, 4, 18, '0.000', '0.000', '0.000', '0.000'),
(580, 221, 4, 19, '0.000', '0.000', '0.000', '0.000'),
(581, 221, 5, 15, '0.000', '0.000', '0.000', '0.000'),
(582, 221, 5, 16, '0.000', '0.000', '0.000', '0.000'),
(583, 221, 5, 19, '0.000', '0.000', '0.000', '0.000'),
(585, 221, 6, 19, '0.000', '0.000', '0.000', '0.000'),
(587, 221, 5, 25, '0.000', '0.000', '0.000', '0.000'),
(588, 224, 1, 18, '0.000', '0.000', '0.000', '0.000'),
(589, 382, 12, 27, '0.000', '0.000', '0.000', '0.000'),
(590, 267, 5, 17, '0.000', '0.000', '0.000', '0.000'),
(591, 381, 4, 14, '0.000', '0.000', '0.000', '0.000'),
(592, 381, 4, 16, '0.000', '0.000', '0.000', '0.000'),
(594, 282, 5, 19, '0.000', '0.000', '0.000', '0.000'),
(595, 284, 4, 28, '0.000', '0.000', '0.000', '0.000');

-- --------------------------------------------------------

--
-- Table structure for table `stock_images`
--

CREATE TABLE `stock_images` (
  `id` int(11) NOT NULL,
  `stock_id` int(11) NOT NULL,
  `filename` varchar(256) NOT NULL
) ENGINE=InnoDB DEFAULT CHARSET=latin1;

--
-- Dumping data for table `stock_images`
--

INSERT INTO `stock_images` (`id`, `stock_id`, `filename`) VALUES
(2, 12, 'IMG_4227d.jpg'),
(4, 11, 'IMG_8172d.jpg');

-- --------------------------------------------------------

--
-- Table structure for table `stock_registry`
--

CREATE TABLE `stock_registry` (
  `stock_registry_id` int(11) NOT NULL,
  `stock_id` int(11) NOT NULL,
  `quantity` int(11) NOT NULL,
  `date` datetime DEFAULT NULL,
  `comment` varchar(512) NOT NULL
) ENGINE=InnoDB DEFAULT CHARSET=latin1;

--
-- Dumping data for table `stock_registry`
--

INSERT INTO `stock_registry` (`stock_registry_id`, `stock_id`, `quantity`, `date`, `comment`) VALUES
(1, 3, 0, '2020-10-17 00:00:00', 'Stock product created'),
(2, 4, 0, '2020-10-17 00:00:00', 'Stock product created'),
(3, 5, 0, '2020-10-17 00:00:00', 'Stock product created'),
(4, 6, 0, '2020-10-17 00:00:00', 'Stock product created'),
(5, 7, 0, '2020-10-17 00:00:00', 'Stock product created'),
(6, 8, 0, '2020-10-17 00:00:00', 'Stock product created'),
(7, 9, 0, '2020-10-17 00:00:00', 'Stock product created'),
(8, 10, 0, '2020-10-17 00:00:00', 'Stock product created'),
(9, 11, 0, '2020-10-17 00:00:00', 'Stock product created'),
(10, 12, 0, '2020-10-17 00:00:00', 'Stock product created'),
(11, 13, 0, '2020-10-17 00:00:00', 'Stock product created'),
(12, 14, 0, '2020-10-17 00:00:00', 'Stock product created'),
(13, 15, 0, '2020-10-17 00:00:00', 'Stock product created'),
(14, 16, 0, '2020-10-17 00:00:00', 'Stock product created'),
(15, 17, 0, '2020-10-17 00:00:00', 'Stock product created'),
(16, 18, 0, '2020-10-17 00:00:00', 'Stock product created'),
(17, 19, 0, '2020-10-17 00:00:00', 'Stock product created'),
(18, 20, 0, '2020-10-17 00:00:00', 'Stock product created'),
(19, 21, 0, '2020-10-17 00:00:00', 'Stock product created'),
(20, 22, 0, '2020-10-17 00:00:00', 'Stock product created'),
(21, 23, 0, '2020-10-17 00:00:00', 'Stock product created'),
(22, 24, 0, '2020-10-17 00:00:00', 'Stock product created'),
(23, 25, 0, '2020-10-17 00:00:00', 'Stock product created'),
(24, 26, 0, '2020-10-17 00:00:00', 'Stock product created'),
(25, 28, 0, '2020-10-17 00:00:00', 'Stock product created'),
(26, 29, 0, '2020-10-17 00:00:00', 'Stock product created'),
(27, 30, 0, '2020-10-17 00:00:00', 'Stock product created'),
(28, 31, 0, '2020-10-17 00:00:00', 'Stock product created'),
(29, 32, 0, '2020-10-17 00:00:00', 'Stock product created'),
(30, 33, 0, '2020-10-17 00:00:00', 'Stock product created'),
(31, 34, 0, '2020-10-17 00:00:00', 'Stock product created'),
(32, 35, 0, '2020-10-17 00:00:00', 'Stock product created'),
(33, 36, 0, '2020-10-17 00:00:00', 'Stock product created'),
(34, 37, 0, '2020-10-17 00:00:00', 'Stock product created'),
(35, 38, 0, '2020-10-17 00:00:00', 'Stock product created'),
(36, 39, 0, '2020-10-17 00:00:00', 'Stock product created'),
(37, 40, 0, '2020-10-17 00:00:00', 'Stock product created'),
(38, 41, 0, '2020-10-17 00:00:00', 'Stock product created'),
(39, 42, 0, '2020-10-17 00:00:00', 'Stock product created'),
(40, 43, 0, '2020-10-17 00:00:00', 'Stock product created'),
(41, 44, 0, '2020-10-17 00:00:00', 'Stock product created'),
(42, 45, 0, '2020-10-17 00:00:00', 'Stock product created'),
(43, 46, 0, '2020-10-17 00:00:00', 'Stock product created'),
(44, 47, 0, '2020-10-17 00:00:00', 'Stock product created'),
(45, 48, 0, '2020-10-17 00:00:00', 'Stock product created'),
(46, 49, 0, '2020-10-17 00:00:00', 'Stock product created'),
(47, 50, 0, '2020-10-17 00:00:00', 'Stock product created'),
(48, 51, 0, '2020-10-17 00:00:00', 'Stock product created'),
(49, 52, 0, '2020-10-17 00:00:00', 'Stock product created'),
(50, 53, 0, '2020-10-17 00:00:00', 'Stock product created'),
(52, 11, 0, '2020-10-17 00:00:00', 'Stock product created'),
(56, 54, 0, '2020-10-19 00:00:00', 'Stock product created'),
(57, 55, 0, '2020-10-19 00:00:00', 'Stock product created'),
(58, 56, 0, '2020-10-19 00:00:00', 'Stock product created'),
(59, 57, 0, '2020-10-19 00:00:00', 'Stock product created'),
(60, 58, 0, '2020-10-19 00:00:00', 'Stock product created'),
(61, 59, 0, '2020-10-19 00:00:00', 'Stock product created'),
(62, 60, 0, '2020-10-19 00:00:00', 'Stock product created'),
(63, 61, 0, '2020-10-19 00:00:00', 'Stock product created'),
(64, 62, 0, '2020-10-19 00:00:00', 'Stock product created'),
(65, 63, 0, '2020-10-19 00:00:00', 'Stock product created'),
(66, 64, 0, '2020-10-19 00:00:00', 'Stock product created'),
(67, 65, 0, '2020-10-19 00:00:00', 'Stock product created'),
(68, 66, 0, '2020-10-19 00:00:00', 'Stock product created'),
(69, 67, 0, '2020-10-19 00:00:00', 'Stock product created'),
(70, 68, 0, '2020-10-19 00:00:00', 'Stock product created'),
(71, 69, 0, '2020-10-19 00:00:00', 'Stock product created'),
(72, 70, 0, '2020-10-19 00:00:00', 'Stock product created'),
(73, 71, 0, '2020-10-19 00:00:00', 'Stock product created'),
(74, 72, 0, '2020-10-19 00:00:00', 'Stock product created'),
(75, 73, 0, '2020-10-19 00:00:00', 'Stock product created'),
(76, 74, 0, '2020-10-19 00:00:00', 'Stock product created'),
(77, 75, 0, '2020-10-19 00:00:00', 'Stock product created'),
(78, 76, 0, '2020-10-19 00:00:00', 'Stock product created'),
(79, 77, 0, '2020-10-19 00:00:00', 'Stock product created'),
(80, 78, 0, '2020-10-19 00:00:00', 'Stock product created'),
(81, 79, 0, '2020-10-19 00:00:00', 'Stock product created'),
(82, 80, 0, '2020-10-19 00:00:00', 'Stock product created'),
(83, 81, 0, '2020-10-19 00:00:00', 'Stock product created'),
(84, 82, 0, '2020-10-19 00:00:00', 'Stock product created'),
(85, 83, 0, '2020-10-19 00:00:00', 'Stock product created'),
(86, 84, 0, '2020-10-19 00:00:00', 'Stock product created'),
(87, 85, 0, '2020-10-19 00:00:00', 'Stock product created'),
(88, 86, 0, '2020-10-19 00:00:00', 'Stock product created'),
(89, 87, 0, '2020-10-19 00:00:00', 'Stock product created'),
(90, 88, 0, '2020-10-19 00:00:00', 'Stock product created'),
(91, 89, 0, '2020-10-19 00:00:00', 'Stock product created'),
(92, 90, 0, '2020-10-19 00:00:00', 'Stock product created'),
(93, 91, 0, '2020-10-19 00:00:00', 'Stock product created'),
(94, 92, 0, '2020-10-19 00:00:00', 'Stock product created'),
(95, 93, 0, '2020-10-19 00:00:00', 'Stock product created'),
(96, 95, 0, '2020-10-19 00:00:00', 'Stock product created'),
(97, 96, 0, '2020-10-19 00:00:00', 'Stock product created'),
(98, 98, 0, '2020-10-19 00:00:00', 'Stock product created'),
(99, 99, 0, '2020-10-19 00:00:00', 'Stock product created'),
(100, 100, 0, '2020-10-19 00:00:00', 'Stock product created'),
(101, 101, 0, '2020-10-19 00:00:00', 'Stock product created'),
(102, 102, 0, '2020-10-19 00:00:00', 'Stock product created'),
(103, 103, 0, '2020-10-19 00:00:00', 'Stock product created'),
(104, 104, 0, '2020-10-19 00:00:00', 'Stock product created'),
(105, 105, 0, '2020-10-19 00:00:00', 'Stock product created'),
(106, 106, 0, '2020-10-19 00:00:00', 'Stock product created'),
(107, 107, 0, '2020-10-19 00:00:00', 'Stock product created'),
(108, 108, 0, '2020-10-19 00:00:00', 'Stock product created'),
(109, 109, 0, '2020-10-19 00:00:00', 'Stock product created'),
(110, 110, 0, '2020-10-19 00:00:00', 'Stock product created'),
(111, 111, 0, '2020-10-19 00:00:00', 'Stock product created'),
(112, 112, 0, '2020-10-19 00:00:00', 'Stock product created'),
(113, 113, 0, '2020-10-19 00:00:00', 'Stock product created'),
(114, 114, 0, '2020-10-19 00:00:00', 'Stock product created'),
(115, 116, 0, '2020-10-19 00:00:00', 'Stock product created'),
(116, 117, 0, '2020-10-19 00:00:00', 'Stock product created'),
(117, 3, 7, '2020-10-19 07:27:38', 'test angad'),
(118, 119, 8, '2020-10-19 10:26:30', 'av'),
(120, 120, 0, '2020-10-19 00:00:00', 'Stock product created'),
(121, 121, 0, '2020-10-19 00:00:00', 'Stock product created'),
(122, 122, 0, '2020-10-19 00:00:00', 'Stock product created'),
(123, 123, 0, '2020-10-19 00:00:00', 'Stock product created'),
(124, 124, 0, '2020-10-19 00:00:00', 'Stock product created'),
(125, 125, 0, '2020-10-19 00:00:00', 'Stock product created'),
(126, 126, 0, '2020-10-19 00:00:00', 'Stock product created'),
(127, 127, 0, '2020-10-19 00:00:00', 'Stock product created'),
(128, 129, 0, '2020-10-19 00:00:00', 'Stock product created'),
(129, 130, 0, '2020-10-19 00:00:00', 'Stock product created'),
(130, 131, 0, '2020-10-19 00:00:00', 'Stock product created'),
(131, 132, 0, '2020-10-19 00:00:00', 'Stock product created'),
(132, 133, 0, '2020-10-19 00:00:00', 'Stock product created'),
(134, 135, 0, '2020-10-19 00:00:00', 'Stock product created'),
(135, 136, 0, '2020-10-19 00:00:00', 'Stock product created'),
(136, 137, 0, '2020-10-19 00:00:00', 'Stock product created'),
(137, 138, 0, '2020-10-19 00:00:00', 'Stock product created'),
(138, 139, 0, '2020-10-19 00:00:00', 'Stock product created'),
(139, 140, 0, '2020-10-19 00:00:00', 'Stock product created'),
(140, 141, 0, '2020-10-19 00:00:00', 'Stock product created'),
(141, 142, 0, '2020-10-19 00:00:00', 'Stock product created'),
(142, 143, 0, '2020-10-19 00:00:00', 'Stock product created'),
(143, 144, 0, '2020-10-19 00:00:00', 'Stock product created'),
(144, 145, 0, '2020-10-19 00:00:00', 'Stock product created'),
(145, 146, 0, '2020-10-19 00:00:00', 'Stock product created'),
(146, 147, 0, '2020-10-19 00:00:00', 'Stock product created'),
(147, 148, 0, '2020-10-19 00:00:00', 'Stock product created'),
(148, 149, 0, '2020-10-19 00:00:00', 'Stock product created'),
(149, 150, 0, '2020-10-19 00:00:00', 'Stock product created'),
(150, 151, 0, '2020-10-19 00:00:00', 'Stock product created'),
(151, 152, 0, '2020-10-19 00:00:00', 'Stock product created'),
(152, 153, 0, '2020-10-19 00:00:00', 'Stock product created'),
(153, 154, 0, '2020-10-19 00:00:00', 'Stock product created'),
(154, 155, 0, '2020-10-19 00:00:00', 'Stock product created'),
(155, 156, 0, '2020-10-19 00:00:00', 'Stock product created'),
(156, 157, 0, '2020-10-19 00:00:00', 'Stock product created'),
(157, 158, 0, '2020-10-19 00:00:00', 'Stock product created'),
(158, 159, 0, '2020-10-19 00:00:00', 'Stock product created'),
(159, 160, 0, '2020-10-19 00:00:00', 'Stock product created'),
(160, 161, 0, '2020-10-19 00:00:00', 'Stock product created'),
(161, 162, 0, '2020-10-19 00:00:00', 'Stock product created'),
(162, 163, 0, '2020-10-19 00:00:00', 'Stock product created'),
(163, 164, 0, '2020-10-19 00:00:00', 'Stock product created'),
(164, 165, 0, '2020-10-19 00:00:00', 'Stock product created'),
(165, 166, 0, '2020-10-19 00:00:00', 'Stock product created'),
(166, 167, 0, '2020-10-19 00:00:00', 'Stock product created'),
(167, 168, 0, '2020-10-19 00:00:00', 'Stock product created'),
(168, 169, 0, '2020-10-19 00:00:00', 'Stock product created'),
(169, 170, 0, '2020-10-19 00:00:00', 'Stock product created'),
(170, 171, 0, '2020-10-19 00:00:00', 'Stock product created'),
(171, 172, 0, '2020-10-19 00:00:00', 'Stock product created'),
(172, 173, 0, '2020-10-19 00:00:00', 'Stock product created'),
(173, 174, 0, '2020-10-19 00:00:00', 'Stock product created'),
(174, 175, 0, '2020-10-19 00:00:00', 'Stock product created'),
(175, 176, 0, '2020-10-19 00:00:00', 'Stock product created'),
(176, 178, 0, '2020-10-19 00:00:00', 'Stock product created'),
(177, 179, 0, '2020-10-19 00:00:00', 'Stock product created'),
(178, 180, 0, '2020-10-19 00:00:00', 'Stock product created'),
(179, 181, 0, '2020-10-19 00:00:00', 'Stock product created'),
(180, 182, 0, '2020-10-19 00:00:00', 'Stock product created'),
(181, 184, 0, '2020-10-19 00:00:00', 'Stock product created'),
(182, 185, 0, '2020-10-19 00:00:00', 'Stock product created'),
(183, 186, 0, '2020-10-19 00:00:00', 'Stock product created'),
(184, 187, 0, '2020-10-19 00:00:00', 'Stock product created'),
(185, 188, 0, '2020-10-19 00:00:00', 'Stock product created'),
(186, 189, 0, '2020-10-19 00:00:00', 'Stock product created'),
(187, 190, 0, '2020-10-19 00:00:00', 'Stock product created'),
(188, 191, 0, '2020-10-19 00:00:00', 'Stock product created'),
(189, 192, 0, '2020-10-19 00:00:00', 'Stock product created'),
(190, 193, 0, '2020-10-19 00:00:00', 'Stock product created'),
(191, 194, 0, '2020-10-19 00:00:00', 'Stock product created'),
(192, 195, 0, '2020-10-19 00:00:00', 'Stock product created'),
(193, 196, 0, '2020-10-19 00:00:00', 'Stock product created'),
(194, 197, 0, '2020-10-19 00:00:00', 'Stock product created'),
(195, 198, 0, '2020-10-19 00:00:00', 'Stock product created'),
(196, 199, 0, '2020-10-19 00:00:00', 'Stock product created'),
(197, 200, 0, '2020-10-19 00:00:00', 'Stock product created'),
(198, 201, 0, '2020-10-19 00:00:00', 'Stock product created'),
(199, 202, 0, '2020-10-19 00:00:00', 'Stock product created'),
(200, 203, 0, '2020-10-20 00:00:00', 'Stock product created'),
(201, 204, 0, '2020-10-20 00:00:00', 'Stock product created'),
(202, 205, 0, '2020-10-20 00:00:00', 'Stock product created'),
(203, 206, 0, '2020-10-20 00:00:00', 'Stock product created'),
(204, 207, 0, '2020-10-20 00:00:00', 'Stock product created'),
(205, 208, 0, '2020-10-20 00:00:00', 'Stock product created'),
(206, 209, 0, '2020-10-20 00:00:00', 'Stock product created'),
(207, 210, 0, '2020-10-20 00:00:00', 'Stock product created'),
(208, 211, 0, '2020-10-20 00:00:00', 'Stock product created'),
(209, 212, 0, '2020-10-20 00:00:00', 'Stock product created'),
(210, 213, 0, '2020-10-20 00:00:00', 'Stock product created'),
(211, 214, 0, '2020-10-20 00:00:00', 'Stock product created'),
(212, 216, 0, '2020-10-20 00:00:00', 'Stock product created'),
(213, 217, 0, '2020-10-20 00:00:00', 'Stock product created'),
(214, 218, 0, '2020-10-20 00:00:00', 'Stock product created'),
(215, 219, 0, '2020-10-20 00:00:00', 'Stock product created'),
(216, 221, 0, '2020-10-20 00:00:00', 'Stock product created'),
(217, 222, 0, '2020-10-20 00:00:00', 'Stock product created'),
(218, 223, 0, '2020-10-20 00:00:00', 'Stock product created'),
(219, 224, 0, '2020-10-20 00:00:00', 'Stock product created'),
(220, 225, 0, '2020-10-20 00:00:00', 'Stock product created'),
(221, 226, 0, '2020-10-20 00:00:00', 'Stock product created'),
(222, 227, 0, '2020-10-20 00:00:00', 'Stock product created'),
(223, 228, 0, '2020-10-20 00:00:00', 'Stock product created'),
(224, 229, 0, '2020-10-20 00:00:00', 'Stock product created'),
(225, 230, 0, '2020-10-20 00:00:00', 'Stock product created'),
(226, 231, 0, '2020-10-20 00:00:00', 'Stock product created'),
(227, 232, 0, '2020-10-20 00:00:00', 'Stock product created'),
(228, 233, 0, '2020-10-20 00:00:00', 'Stock product created'),
(229, 234, 0, '2020-10-20 00:00:00', 'Stock product created'),
(230, 235, 0, '2020-10-20 00:00:00', 'Stock product created'),
(231, 236, 0, '2020-10-20 00:00:00', 'Stock product created'),
(232, 237, 0, '2020-10-20 00:00:00', 'Stock product created'),
(233, 239, 0, '2020-10-20 00:00:00', 'Stock product created'),
(234, 240, 0, '2020-10-20 00:00:00', 'Stock product created'),
(235, 241, 0, '2020-10-20 00:00:00', 'Stock product created'),
(236, 242, 0, '2020-10-20 00:00:00', 'Stock product created'),
(237, 243, 0, '2020-10-20 00:00:00', 'Stock product created'),
(238, 244, 0, '2020-10-20 00:00:00', 'Stock product created'),
(239, 245, 0, '2020-10-20 00:00:00', 'Stock product created'),
(240, 246, 0, '2020-10-20 00:00:00', 'Stock product created'),
(241, 247, 0, '2020-10-20 00:00:00', 'Stock product created'),
(242, 248, 0, '2020-10-20 00:00:00', 'Stock product created'),
(243, 249, 0, '2020-10-20 00:00:00', 'Stock product created'),
(244, 250, 0, '2020-10-20 00:00:00', 'Stock product created'),
(245, 251, 0, '2020-10-20 00:00:00', 'Stock product created'),
(246, 252, 0, '2020-10-20 00:00:00', 'Stock product created'),
(247, 253, 0, '2020-10-20 00:00:00', 'Stock product created'),
(248, 254, 0, '2020-10-20 00:00:00', 'Stock product created'),
(249, 255, 0, '2020-10-20 00:00:00', 'Stock product created'),
(250, 256, 0, '2020-10-20 00:00:00', 'Stock product created'),
(251, 257, 0, '2020-10-20 00:00:00', 'Stock product created'),
(252, 258, 0, '2020-10-20 00:00:00', 'Stock product created'),
(253, 259, 0, '2020-10-20 00:00:00', 'Stock product created'),
(254, 261, 0, '2020-10-20 00:00:00', 'Stock product created'),
(255, 262, 0, '2020-10-20 00:00:00', 'Stock product created'),
(256, 263, 0, '2020-10-20 00:00:00', 'Stock product created'),
(257, 264, 0, '2020-10-20 00:00:00', 'Stock product created'),
(258, 265, 0, '2020-10-20 00:00:00', 'Stock product created'),
(259, 266, 0, '2020-10-20 00:00:00', 'Stock product created'),
(260, 267, 0, '2020-10-20 00:00:00', 'Stock product created'),
(261, 268, 0, '2020-10-20 00:00:00', 'Stock product created'),
(262, 269, 0, '2020-10-20 00:00:00', 'Stock product created'),
(263, 270, 0, '2020-10-20 00:00:00', 'Stock product created'),
(264, 271, 0, '2020-10-20 00:00:00', 'Stock product created'),
(265, 272, 0, '2020-10-20 00:00:00', 'Stock product created'),
(266, 273, 0, '2020-10-20 00:00:00', 'Stock product created'),
(267, 274, 0, '2020-10-20 00:00:00', 'Stock product created'),
(268, 275, 0, '2020-10-20 00:00:00', 'Stock product created'),
(269, 276, 0, '2020-10-20 00:00:00', 'Stock product created'),
(270, 277, 0, '2020-10-20 00:00:00', 'Stock product created'),
(271, 278, 0, '2020-10-20 00:00:00', 'Stock product created'),
(272, 279, 0, '2020-10-20 00:00:00', 'Stock product created'),
(273, 280, 0, '2020-10-20 00:00:00', 'Stock product created'),
(274, 281, 0, '2020-10-20 00:00:00', 'Stock product created'),
(275, 282, 0, '2020-10-20 00:00:00', 'Stock product created'),
(276, 283, 0, '2020-10-20 00:00:00', 'Stock product created'),
(277, 284, 0, '2020-10-20 00:00:00', 'Stock product created'),
(278, 285, 0, '2020-10-20 00:00:00', 'Stock product created'),
(279, 286, 0, '2020-10-20 00:00:00', 'Stock product created'),
(280, 287, 0, '2020-10-20 00:00:00', 'Stock product created'),
(281, 288, 0, '2020-10-20 00:00:00', 'Stock product created'),
(282, 289, 0, '2020-10-20 00:00:00', 'Stock product created'),
(283, 290, 0, '2020-10-20 00:00:00', 'Stock product created'),
(284, 291, 0, '2020-10-20 00:00:00', 'Stock product created'),
(285, 292, 0, '2020-10-20 00:00:00', 'Stock product created'),
(286, 293, 0, '2020-10-20 00:00:00', 'Stock product created'),
(287, 294, 0, '2020-10-20 00:00:00', 'Stock product created'),
(288, 295, 0, '2020-10-20 00:00:00', 'Stock product created'),
(289, 296, 0, '2020-10-20 00:00:00', 'Stock product created'),
(290, 297, 0, '2020-10-20 00:00:00', 'Stock product created'),
(291, 298, 0, '2020-10-20 00:00:00', 'Stock product created'),
(292, 299, 0, '2020-10-20 00:00:00', 'Stock product created'),
(293, 300, 0, '2020-10-20 00:00:00', 'Stock product created'),
(294, 301, 0, '2020-10-20 00:00:00', 'Stock product created'),
(295, 302, 0, '2020-10-20 00:00:00', 'Stock product created'),
(296, 303, 0, '2020-10-20 00:00:00', 'Stock product created'),
(297, 304, 0, '2020-10-20 00:00:00', 'Stock product created'),
(298, 305, 0, '2020-10-20 00:00:00', 'Stock product created'),
(299, 306, 0, '2020-10-20 00:00:00', 'Stock product created'),
(300, 307, 0, '2020-10-20 00:00:00', 'Stock product created'),
(301, 308, 0, '2020-10-20 00:00:00', 'Stock product created'),
(302, 309, 0, '2020-10-20 00:00:00', 'Stock product created'),
(303, 310, 0, '2020-10-20 00:00:00', 'Stock product created'),
(304, 311, 0, '2020-10-20 00:00:00', 'Stock product created'),
(305, 312, 0, '2020-10-20 00:00:00', 'Stock product created'),
(306, 313, 0, '2020-10-20 00:00:00', 'Stock product created'),
(307, 314, 0, '2020-10-20 00:00:00', 'Stock product created'),
(308, 315, 0, '2020-10-20 00:00:00', 'Stock product created'),
(309, 316, 0, '2020-10-20 00:00:00', 'Stock product created'),
(310, 317, 0, '2020-10-20 00:00:00', 'Stock product created'),
(311, 318, 0, '2020-10-20 00:00:00', 'Stock product created'),
(312, 319, 0, '2020-10-20 00:00:00', 'Stock product created'),
(313, 320, 0, '2020-10-20 00:00:00', 'Stock product created'),
(314, 321, 0, '2020-10-20 00:00:00', 'Stock product created'),
(315, 322, 0, '2020-10-20 00:00:00', 'Stock product created'),
(316, 323, 0, '2020-10-20 00:00:00', 'Stock product created'),
(317, 324, 0, '2020-10-20 00:00:00', 'Stock product created'),
(318, 325, 0, '2020-10-20 00:00:00', 'Stock product created'),
(319, 326, 0, '2020-10-20 00:00:00', 'Stock product created'),
(320, 327, 0, '2020-10-20 00:00:00', 'Stock product created'),
(321, 328, 0, '2020-10-20 00:00:00', 'Stock product created'),
(322, 329, 0, '2020-10-20 00:00:00', 'Stock product created'),
(323, 330, 0, '2020-10-20 00:00:00', 'Stock product created'),
(324, 331, 0, '2020-10-20 00:00:00', 'Stock product created'),
(325, 332, 0, '2020-10-20 00:00:00', 'Stock product created'),
(326, 333, 0, '2020-10-20 00:00:00', 'Stock product created'),
(327, 334, 0, '2020-10-20 00:00:00', 'Stock product created'),
(328, 3, 0, '2020-10-20 09:47:28', 'sold out'),
(329, 4, 8, '2020-10-20 09:47:52', 'AV'),
(330, 5, 1, '2020-10-20 09:48:12', 'AV'),
(331, 6, 6, '2020-10-20 09:49:58', 'AV'),
(332, 11, 7, '2020-10-20 09:50:22', 'AV'),
(333, 12, 11, '2020-10-20 09:51:10', 'AV'),
(334, 13, 8, '2020-10-20 09:54:03', 'AV'),
(335, 14, 7, '2020-10-20 09:54:41', 'AV'),
(336, 16, 15, '2020-10-20 09:55:19', 'AV'),
(337, 17, 9, '2020-10-20 09:59:08', 'AV'),
(338, 18, 4, '2020-10-20 00:52:37', 'AV'),
(339, 22, 15, '2020-10-20 10:00:57', 'av'),
(340, 23, 6, '2020-10-20 10:01:28', 'av'),
(341, 25, 7, '2020-10-20 10:01:54', 'av'),
(342, 26, 13, '2020-10-20 00:53:54', 'AV'),
(343, 29, 5, '2020-10-20 10:02:55', 'av'),
(344, 32, 21, '2020-10-20 10:03:25', 'av'),
(345, 335, 0, '2020-10-20 00:00:00', 'Stock product created'),
(346, 336, 0, '2020-10-20 00:00:00', 'Stock product created'),
(347, 337, 0, '2020-10-20 00:00:00', 'Stock product created'),
(348, 338, 0, '2020-10-20 00:00:00', 'Stock product created'),
(349, 339, 0, '2020-10-20 00:00:00', 'Stock product created'),
(350, 340, 0, '2020-10-20 00:00:00', 'Stock product created'),
(351, 341, 0, '2020-10-20 00:00:00', 'Stock product created'),
(352, 342, 0, '2020-10-20 00:00:00', 'Stock product created'),
(353, 343, 0, '2020-10-20 00:00:00', 'Stock product created'),
(354, 344, 0, '2020-10-20 00:00:00', 'Stock product created'),
(355, 345, 0, '2020-10-20 00:00:00', 'Stock product created'),
(356, 346, 0, '2020-10-20 00:00:00', 'Stock product created'),
(357, 347, 0, '2020-10-20 00:00:00', 'Stock product created'),
(358, 348, 0, '2020-10-20 00:00:00', 'Stock product created'),
(359, 349, 0, '2020-10-20 00:00:00', 'Stock product created'),
(360, 50, 3, '2020-10-20 10:15:59', 'av'),
(361, 350, 0, '2020-10-20 00:00:00', 'Stock product created'),
(362, 352, 0, '2020-10-20 00:00:00', 'Stock product created'),
(363, 52, 13, '2020-10-20 10:16:47', 'av'),
(364, 353, 0, '2020-10-20 00:00:00', 'Stock product created'),
(365, 43, 1, '2020-10-20 10:17:35', 'av'),
(366, 44, 1, '2020-10-20 10:18:09', 'av'),
(367, 45, 3, '2020-10-20 10:18:57', 'av'),
(368, 355, 0, '2020-10-20 00:00:00', 'Stock product created'),
(369, 356, 0, '2020-10-20 00:00:00', 'Stock product created'),
(370, 357, 0, '2020-10-20 00:00:00', 'Stock product created'),
(371, 358, 0, '2020-10-20 00:00:00', 'Stock product created'),
(372, 359, 0, '2020-10-20 00:00:00', 'Stock product created'),
(373, 360, 0, '2020-10-20 00:00:00', 'Stock product created'),
(374, 361, 0, '2020-10-20 00:00:00', 'Stock product created'),
(375, 362, 0, '2020-10-20 00:00:00', 'Stock product created'),
(376, 363, 0, '2020-10-20 00:00:00', 'Stock product created'),
(377, 364, 0, '2020-10-20 00:00:00', 'Stock product created'),
(378, 310, 3, '2020-10-20 10:26:23', 'av'),
(379, 365, 0, '2020-10-20 00:00:00', 'Stock product created'),
(380, 366, 0, '2020-10-20 00:00:00', 'Stock product created'),
(381, 367, 0, '2020-10-20 00:00:00', 'Stock product created'),
(382, 368, 0, '2020-10-20 00:00:00', 'Stock product created'),
(383, 312, 2, '2020-10-20 10:27:59', 'av'),
(384, 369, 0, '2020-10-20 00:00:00', 'Stock product created'),
(385, 370, 0, '2020-10-20 00:00:00', 'Stock product created'),
(386, 311, 6, '2020-10-20 10:29:13', 'av'),
(387, 371, 0, '2020-10-20 00:00:00', 'Stock product created'),
(388, 313, 12, '2020-10-20 10:30:07', 'av'),
(389, 315, 1, '2020-10-20 10:30:41', 'av'),
(390, 314, 1, '2020-10-20 10:31:26', 'av'),
(391, 372, 0, '2020-10-21 00:00:00', 'Stock product created'),
(392, 373, 0, '2020-10-21 00:00:00', 'Stock product created'),
(393, 374, 0, '2020-10-21 00:00:00', 'Stock product created'),
(394, 375, 0, '2020-10-21 00:00:00', 'Stock product created'),
(395, 376, 0, '2020-10-21 00:00:00', 'Stock product created'),
(396, 377, 0, '2020-10-21 00:00:00', 'Stock product created'),
(397, 378, 0, '2020-10-21 00:00:00', 'Stock product created'),
(398, 379, 0, '2020-10-21 00:00:00', 'Stock product created'),
(399, 380, 0, '2020-10-21 00:00:00', 'Stock product created'),
(400, 381, 0, '2020-10-21 00:00:00', 'Stock product created'),
(401, 382, 0, '2020-10-21 00:00:00', 'Stock product created'),
(402, 383, 0, '2020-10-21 00:00:00', 'Stock product created'),
(403, 384, 0, '2020-10-21 00:00:00', 'Stock product created'),
(404, 385, 0, '2020-10-21 00:00:00', 'Stock product created'),
(405, 386, 0, '2020-10-21 00:00:00', 'Stock product created'),
(406, 387, 0, '2020-10-21 00:00:00', 'Stock product created'),
(407, 388, 0, '2020-10-21 00:00:00', 'Stock product created'),
(408, 389, 0, '2020-10-21 00:00:00', 'Stock product created'),
(409, 390, 0, '2020-10-21 00:00:00', 'Stock product created'),
(410, 391, 0, '2020-10-21 00:00:00', 'Stock product created'),
(411, 392, 0, '2020-10-21 00:00:00', 'Stock product created'),
(412, 393, 0, '2020-10-21 00:00:00', 'Stock product created'),
(413, 394, 0, '2020-10-21 00:00:00', 'Stock product created'),
(414, 395, 0, '2020-10-21 00:00:00', 'Stock product created'),
(415, 396, 0, '2020-10-21 00:00:00', 'Stock product created'),
(416, 397, 0, '2020-10-21 00:00:00', 'Stock product created'),
(417, 398, 0, '2020-10-21 00:00:00', 'Stock product created'),
(418, 399, 0, '2020-10-21 00:00:00', 'Stock product created'),
(419, 400, 0, '2020-10-21 00:00:00', 'Stock product created'),
(420, 401, 0, '2020-10-21 00:00:00', 'Stock product created'),
(421, 402, 0, '2020-10-21 00:00:00', 'Stock product created'),
(422, 404, 0, '2020-10-21 00:00:00', 'Stock product created'),
(423, 405, 0, '2020-10-21 00:00:00', 'Stock product created'),
(424, 406, 0, '2020-10-21 00:00:00', 'Stock product created'),
(425, 407, 0, '2020-10-21 00:00:00', 'Stock product created'),
(426, 408, 0, '2020-10-21 00:00:00', 'Stock product created'),
(427, 409, 0, '2020-10-21 00:00:00', 'Stock product created'),
(428, 410, 0, '2020-10-21 00:00:00', 'Stock product created'),
(429, 411, 0, '2020-10-21 00:00:00', 'Stock product created'),
(430, 412, 0, '2020-10-21 00:00:00', 'Stock product created'),
(431, 413, 0, '2020-10-21 00:00:00', 'Stock product created'),
(432, 414, 0, '2020-10-21 00:00:00', 'Stock product created'),
(433, 415, 0, '2020-10-21 00:00:00', 'Stock product created'),
(434, 416, 0, '2020-10-21 00:00:00', 'Stock product created'),
(435, 417, 0, '2020-10-21 00:00:00', 'Stock product created'),
(436, 418, 0, '2020-10-21 00:00:00', 'Stock product created'),
(437, 419, 0, '2020-10-21 00:00:00', 'Stock product created'),
(438, 420, 0, '2020-10-21 00:00:00', 'Stock product created'),
(439, 421, 0, '2020-10-21 00:00:00', 'Stock product created'),
(440, 422, 0, '2020-10-21 00:00:00', 'Stock product created'),
(441, 423, 0, '2020-10-21 00:00:00', 'Stock product created'),
(442, 425, 0, '2020-10-21 00:00:00', 'Stock product created'),
(443, 426, 0, '2020-10-21 00:00:00', 'Stock product created'),
(444, 427, 0, '2020-10-21 00:00:00', 'Stock product created'),
(445, 428, 0, '2020-10-21 00:00:00', 'Stock product created'),
(446, 429, 0, '2020-10-21 00:00:00', 'Stock product created'),
(447, 430, 0, '2020-10-21 00:00:00', 'Stock product created'),
(448, 431, 0, '2020-10-21 00:00:00', 'Stock product created'),
(449, 432, 0, '2020-10-21 00:00:00', 'Stock product created'),
(450, 433, 0, '2020-10-21 00:00:00', 'Stock product created'),
(451, 434, 0, '2020-10-21 00:00:00', 'Stock product created'),
(452, 435, 0, '2020-10-21 00:00:00', 'Stock product created'),
(453, 436, 0, '2020-10-21 00:00:00', 'Stock product created'),
(454, 437, 0, '2020-10-21 00:00:00', 'Stock product created'),
(455, 438, 0, '2020-10-21 00:00:00', 'Stock product created'),
(456, 439, 0, '2020-10-21 00:00:00', 'Stock product created'),
(457, 440, 0, '2020-10-21 00:00:00', 'Stock product created'),
(458, 441, 0, '2020-10-21 00:00:00', 'Stock product created'),
(459, 442, 0, '2020-10-21 00:00:00', 'Stock product created'),
(460, 443, 0, '2020-10-21 00:00:00', 'Stock product created'),
(461, 444, 0, '2020-10-21 00:00:00', 'Stock product created'),
(462, 445, 0, '2020-10-21 00:00:00', 'Stock product created'),
(463, 446, 0, '2020-10-21 00:00:00', 'Stock product created'),
(464, 447, 0, '2020-10-21 00:00:00', 'Stock product created'),
(465, 448, 0, '2020-10-21 00:00:00', 'Stock product created'),
(466, 449, 0, '2020-10-21 00:00:00', 'Stock product created'),
(467, 450, 0, '2020-10-21 00:00:00', 'Stock product created'),
(468, 451, 0, '2020-10-21 00:00:00', 'Stock product created'),
(469, 452, 0, '2020-10-21 00:00:00', 'Stock product created'),
(470, 453, 0, '2020-10-21 00:00:00', 'Stock product created'),
(471, 454, 0, '2020-10-21 00:00:00', 'Stock product created'),
(472, 455, 0, '2020-10-21 00:00:00', 'Stock product created'),
(473, 456, 0, '2020-10-21 00:00:00', 'Stock product created'),
(474, 457, 0, '2020-10-21 00:00:00', 'Stock product created'),
(475, 458, 0, '2020-10-21 00:00:00', 'Stock product created'),
(476, 459, 0, '2020-10-21 00:00:00', 'Stock product created'),
(477, 460, 0, '2020-10-21 00:00:00', 'Stock product created'),
(478, 461, 0, '2020-10-21 00:00:00', 'Stock product created'),
(479, 462, 0, '2020-10-21 00:00:00', 'Stock product created'),
(480, 463, 0, '2020-10-21 00:00:00', 'Stock product created'),
(481, 464, 0, '2020-10-21 00:00:00', 'Stock product created'),
(482, 466, 0, '2020-10-21 00:00:00', 'Stock product created'),
(483, 467, 0, '2020-10-21 00:00:00', 'Stock product created'),
(484, 468, 0, '2020-10-21 00:00:00', 'Stock product created'),
(485, 469, 0, '2020-10-21 00:00:00', 'Stock product created'),
(486, 470, 0, '2020-10-21 00:00:00', 'Stock product created'),
(487, 471, 0, '2020-10-21 00:00:00', 'Stock product created'),
(488, 472, 0, '2020-10-21 00:00:00', 'Stock product created'),
(489, 473, 0, '2020-10-21 00:00:00', 'Stock product created'),
(490, 474, 0, '2020-10-21 00:00:00', 'Stock product created'),
(491, 475, 0, '2020-10-21 00:00:00', 'Stock product created'),
(492, 476, 0, '2020-10-21 00:00:00', 'Stock product created'),
(493, 477, 0, '2020-10-21 00:00:00', 'Stock product created'),
(494, 478, 0, '2020-10-21 00:00:00', 'Stock product created'),
(495, 479, 0, '2020-10-21 00:00:00', 'Stock product created'),
(496, 480, 0, '2020-10-21 00:00:00', 'Stock product created'),
(497, 481, 0, '2020-10-21 00:00:00', 'Stock product created'),
(498, 482, 0, '2020-10-21 00:00:00', 'Stock product created'),
(499, 483, 0, '2020-10-21 00:00:00', 'Stock product created'),
(500, 484, 0, '2020-10-21 00:00:00', 'Stock product created'),
(501, 485, 0, '2020-10-21 00:00:00', 'Stock product created'),
(502, 486, 0, '2020-10-21 00:00:00', 'Stock product created'),
(503, 487, 0, '2020-10-21 00:00:00', 'Stock product created'),
(504, 488, 0, '2020-10-21 00:00:00', 'Stock product created'),
(505, 489, 0, '2020-10-21 00:00:00', 'Stock product created'),
(506, 490, 0, '2020-10-21 00:00:00', 'Stock product created'),
(507, 491, 0, '2020-10-21 00:00:00', 'Stock product created'),
(508, 492, 0, '2020-10-21 00:00:00', 'Stock product created'),
(509, 493, 0, '2020-10-21 00:00:00', 'Stock product created'),
(510, 494, 0, '2020-10-21 00:00:00', 'Stock product created'),
(511, 495, 0, '2020-10-21 00:00:00', 'Stock product created'),
(512, 496, 0, '2020-10-21 00:00:00', 'Stock product created'),
(513, 497, 0, '2020-10-21 00:00:00', 'Stock product created'),
(514, 498, 0, '2020-10-21 00:00:00', 'Stock product created'),
(515, 499, 0, '2020-10-21 00:00:00', 'Stock product created'),
(516, 500, 0, '2020-10-21 00:00:00', 'Stock product created'),
(517, 501, 0, '2020-10-21 00:00:00', 'Stock product created'),
(518, 504, 0, '2020-10-21 00:00:00', 'Stock product created'),
(519, 505, 0, '2020-10-21 00:00:00', 'Stock product created'),
(520, 506, 0, '2020-10-21 00:00:00', 'Stock product created'),
(521, 507, 0, '2020-10-21 00:00:00', 'Stock product created'),
(522, 508, 0, '2020-10-21 00:00:00', 'Stock product created'),
(523, 509, 0, '2020-10-21 00:00:00', 'Stock product created'),
(524, 510, 0, '2020-10-21 00:00:00', 'Stock product created'),
(525, 511, 0, '2020-10-21 00:00:00', 'Stock product created'),
(526, 512, 0, '2020-10-21 00:00:00', 'Stock product created'),
(527, 513, 0, '2020-10-21 00:00:00', 'Stock product created'),
(528, 514, 0, '2020-10-21 00:00:00', 'Stock product created'),
(529, 515, 0, '2020-10-21 00:00:00', 'Stock product created'),
(530, 516, 0, '2020-10-21 00:00:00', 'Stock product created'),
(531, 517, 0, '2020-10-21 00:00:00', 'Stock product created'),
(532, 518, 0, '2020-10-21 00:00:00', 'Stock product created'),
(533, 519, 0, '2020-10-21 00:00:00', 'Stock product created'),
(534, 520, 0, '2020-10-21 00:00:00', 'Stock product created'),
(535, 521, 0, '2020-10-21 00:00:00', 'Stock product created'),
(536, 522, 0, '2020-10-21 00:00:00', 'Stock product created'),
(537, 523, 0, '2020-10-21 00:00:00', 'Stock product created'),
(538, 524, 0, '2020-10-21 00:00:00', 'Stock product created'),
(539, 525, 0, '2020-10-21 00:00:00', 'Stock product created'),
(540, 526, 0, '2020-10-21 00:00:00', 'Stock product created'),
(541, 245, 1, '2020-10-24 03:40:23', ''),
(542, 245, 1, '2020-10-24 03:41:01', 'av'),
(543, 244, 1, '2020-10-24 03:41:23', 'av'),
(544, 243, 2, '2020-10-24 03:42:10', 'av'),
(545, 248, 1, '2020-10-24 03:44:20', 'av'),
(546, 247, 6, '2020-10-24 03:44:45', 'av'),
(547, 246, 1, '2020-10-24 03:45:20', 'av'),
(548, 249, 1, '2020-10-24 03:45:46', 'av'),
(549, 256, 3, '2020-10-24 03:46:20', 'av'),
(550, 253, 2, '2020-10-24 03:46:42', 'av'),
(551, 252, 3, '2020-10-24 03:47:09', 'av'),
(552, 251, 4, '2020-10-24 03:47:40', 'av'),
(553, 250, 1, '2020-10-24 03:47:59', 'av'),
(554, 255, 4, '2020-10-24 03:48:34', 'av'),
(555, 254, 6, '2020-10-24 03:49:24', 'av'),
(556, 528, 0, '2020-10-24 00:00:00', 'Stock product created'),
(557, 529, 0, '2020-10-24 00:00:00', 'Stock product created'),
(558, 530, 0, '2020-10-24 00:00:00', 'Stock product created'),
(559, 531, 0, '2020-10-24 00:00:00', 'Stock product created'),
(560, 532, 0, '2020-10-24 00:00:00', 'Stock product created'),
(561, 530, 2, '2020-10-24 03:55:25', 'av'),
(562, 529, 2, '2020-10-24 03:55:50', 'av'),
(563, 528, 2, '2020-10-24 03:56:10', 'av'),
(564, 532, 1, '2020-10-24 03:56:27', 'av'),
(565, 531, 4, '2020-10-24 03:56:52', 'av'),
(566, 263, 4, '2020-10-24 03:58:05', 'av'),
(567, 259, 3, '2020-10-24 03:58:34', 'av'),
(568, 258, 5, '2020-10-24 03:59:14', 'av'),
(569, 257, 4, '2020-10-24 04:01:25', 'av'),
(570, 262, 1, '2020-10-24 04:01:48', 'av'),
(571, 261, 6, '2020-10-24 04:02:18', 'av'),
(572, 533, 0, '2020-10-24 00:00:00', 'Stock product created'),
(573, 534, 0, '2020-10-24 00:00:00', 'Stock product created'),
(574, 535, 0, '2020-10-24 00:00:00', 'Stock product created'),
(575, 536, 0, '2020-10-24 00:00:00', 'Stock product created'),
(576, 537, 0, '2020-10-24 00:00:00', 'Stock product created'),
(577, 538, 0, '2020-10-24 00:00:00', 'Stock product created'),
(578, 539, 0, '2020-10-24 00:00:00', 'Stock product created'),
(579, 539, 1, '2020-10-24 05:30:53', 'av'),
(580, 536, 2, '2020-10-24 05:31:26', 'av'),
(581, 535, 7, '2020-10-24 05:31:53', 'av'),
(582, 534, 4, '2020-10-24 05:32:16', 'av'),
(583, 533, 2, '2020-10-24 05:32:36', 'av'),
(584, 538, 1, '2020-10-24 05:33:05', 'av'),
(585, 537, 3, '2020-10-24 05:33:26', 'av'),
(586, 264, 1, '2020-10-24 05:33:50', 'av'),
(587, 278, 1, '2020-10-24 05:36:02', 'av'),
(588, 275, 5, '2020-10-24 05:36:24', 'av'),
(589, 274, 3, '2020-10-24 05:36:56', 'av'),
(590, 272, 3, '2020-10-24 05:37:20', 'av'),
(591, 273, 2, '2020-10-24 05:37:45', 'av'),
(592, 277, 5, '2020-10-24 05:38:20', 'av'),
(593, 276, 2, '2020-10-24 05:38:44', 'av'),
(594, 284, 2, '2020-10-24 05:39:33', 'av'),
(595, 282, 1, '2020-10-24 05:39:59', 'av'),
(596, 281, 3, '2020-10-24 05:40:22', 'av'),
(597, 279, 2, '2020-10-24 05:40:49', 'av'),
(598, 280, 1, '2020-10-24 05:41:11', 'av'),
(599, 283, 1, '2020-10-24 05:41:36', 'av'),
(600, 540, 0, '2020-10-24 00:00:00', 'Stock product created'),
(601, 540, 2, '2020-10-24 05:45:32', 'av'),
(602, 285, 1, '2020-10-24 05:45:49', 'av'),
(603, 291, 2, '2020-10-24 05:46:20', 'av'),
(604, 289, 1, '2020-10-24 05:46:44', 'av'),
(605, 288, 4, '2020-10-24 05:47:08', 'av'),
(606, 287, 2, '2020-10-24 05:47:34', 'av'),
(607, 290, 1, '2020-10-24 05:47:58', 'av'),
(608, 271, 4, '2020-10-24 05:49:07', 'av'),
(609, 268, 4, '2020-10-24 05:49:35', 'av'),
(610, 267, 3, '2020-10-24 05:50:04', 'av'),
(611, 265, 3, '2020-10-24 05:50:30', 'av'),
(612, 266, 6, '2020-10-24 05:50:55', 'av'),
(613, 270, 1, '2020-10-24 05:51:22', 'av'),
(614, 269, 1, '2020-10-24 05:51:44', 'av'),
(615, 541, 0, '2020-10-24 00:00:00', 'Stock product created'),
(616, 542, 0, '2020-10-24 00:00:00', 'Stock product created'),
(617, 543, 0, '2020-10-24 00:00:00', 'Stock product created'),
(618, 544, 0, '2020-10-24 00:00:00', 'Stock product created'),
(619, 543, 2, '2020-10-24 08:14:12', 'av'),
(620, 544, 6, '2020-10-24 08:19:49', 'av'),
(621, 542, 8, '2020-10-24 08:20:24', 'av'),
(622, 541, 10, '2020-10-24 08:20:43', 'av'),
(623, 312, 6, '2020-10-24 08:21:54', 'av'),
(624, 311, 2, '2020-10-24 08:22:09', 'av'),
(625, 3, 5, '2020-10-27 10:33:00', 'av'),
(626, 4, 9, '2020-10-27 10:33:47', 'av'),
(627, 34, 4, '2020-10-27 10:35:08', 'av'),
(628, 116, 7, '2020-10-27 10:37:08', 'av'),
(629, 545, 0, '2020-10-27 00:00:00', 'Stock product created'),
(630, 546, 0, '2020-10-27 00:00:00', 'Stock product created'),
(631, 545, 6, '2020-10-27 10:39:17', 'av'),
(632, 546, 6, '2020-10-27 10:40:56', 'av'),
(633, 547, 0, '2020-10-27 00:00:00', 'Stock product created'),
(634, 547, 2, '2020-10-27 10:42:29', 'av'),
(635, 547, 0, '2020-10-27 10:48:00', 'av'),
(636, 548, 0, '2020-10-27 00:00:00', 'Stock product created'),
(637, 548, 2, '2020-10-27 10:48:52', 'av'),
(638, 459, 4, '2020-10-27 10:49:47', 'av'),
(639, 549, 0, '2020-10-27 00:00:00', 'Stock product created'),
(640, 549, 5, '2020-10-27 10:52:03', 'av'),
(641, 55, 1, '2020-10-27 10:52:33', 'av'),
(642, 56, 1, '2020-10-27 10:52:57', 'av'),
(643, 550, 0, '2020-10-27 00:00:00', 'Stock product created'),
(644, 551, 0, '2020-10-27 00:00:00', 'Stock product created'),
(645, 552, 0, '2020-10-27 00:00:00', 'Stock product created'),
(646, 553, 0, '2020-10-27 00:00:00', 'Stock product created'),
(647, 551, 2, '2020-10-27 10:58:08', 'av'),
(648, 553, 1, '2020-10-27 10:58:32', 'av'),
(649, 552, 2, '2020-10-27 10:58:53', 'av'),
(650, 550, 2, '2020-10-27 10:59:15', 'av'),
(651, 90, 38, '2020-10-27 11:00:21', 'av'),
(652, 91, 24, '2020-10-27 11:00:40', 'av'),
(653, 91, 18, '2020-10-27 11:01:18', 'av'),
(654, 92, 24, '2020-10-27 11:01:36', 'av'),
(655, 95, 47, '2020-10-27 11:01:58', 'av'),
(656, 93, 27, '2020-10-27 11:02:15', 'av'),
(657, 96, 13, '2020-10-27 11:02:38', 'av'),
(658, 98, 25, '2020-10-27 11:02:55', 'av'),
(659, 554, 0, '2020-10-27 00:00:00', 'Stock product created'),
(660, 555, 0, '2020-10-27 00:00:00', 'Stock product created'),
(661, 99, 10, '2020-10-27 11:05:45', 'av'),
(662, 556, 0, '2020-10-27 00:00:00', 'Stock product created'),
(663, 557, 0, '2020-10-27 00:00:00', 'Stock product created'),
(664, 100, 15, '2020-10-27 11:06:15', 'av'),
(665, 558, 0, '2020-10-27 00:00:00', 'Stock product created'),
(666, 102, 25, '2020-10-27 11:06:44', 'av'),
(667, 101, 16, '2020-10-27 11:07:06', 'av'),
(668, 559, 0, '2020-10-27 00:00:00', 'Stock product created'),
(669, 560, 0, '2020-10-27 00:00:00', 'Stock product created'),
(670, 103, 11, '2020-10-27 11:07:41', 'av'),
(671, 561, 0, '2020-10-27 00:00:00', 'Stock product created'),
(672, 562, 0, '2020-10-27 00:00:00', 'Stock product created'),
(673, 105, 10, '2020-10-27 11:08:26', 'av'),
(674, 563, 0, '2020-10-27 00:00:00', 'Stock product created'),
(675, 104, 16, '2020-10-27 11:08:45', 'av'),
(676, 564, 0, '2020-10-27 00:00:00', 'Stock product created'),
(677, 107, 13, '2020-10-27 11:17:37', 'av'),
(678, 106, 26, '2020-10-27 11:23:47', 'av'),
(679, 565, 0, '2020-10-27 00:00:00', 'Stock product created'),
(680, 565, 7, '2020-10-27 11:25:35', 'av'),
(681, 108, 8, '2020-10-27 11:26:00', 'av'),
(682, 109, 6, '2020-10-27 11:26:16', 'av'),
(683, 111, 10, '2020-10-27 11:26:43', 'av'),
(684, 110, 15, '2020-10-27 11:27:08', 'av'),
(685, 113, 11, '2020-10-27 11:27:57', 'av'),
(686, 112, 9, '2020-10-27 11:28:14', 'av'),
(687, 114, 13, '2020-10-27 11:28:31', 'av'),
(688, 548, 31, '2020-10-27 11:29:17', 'av'),
(689, 116, 13, '2020-10-27 11:30:17', 'av'),
(690, 117, 4, '2020-10-27 11:31:15', 'av'),
(691, 120, 8, '2020-10-27 11:31:36', 'av'),
(692, 121, 2, '2020-10-27 11:33:01', 'av'),
(693, 122, 7, '2020-10-27 11:33:20', 'av'),
(694, 54, 32, '2020-10-27 11:33:58', 'av'),
(695, 55, 12, '2020-10-27 11:34:51', 'av'),
(696, 56, 7, '2020-10-27 11:35:22', 'av'),
(697, 57, 8, '2020-10-27 11:36:31', 'av'),
(698, 58, 9, '2020-10-27 11:37:19', 'av'),
(699, 59, 3, '2020-10-27 11:37:44', 'av'),
(700, 60, 13, '2020-10-27 11:37:57', 'av'),
(701, 62, 10, '2020-10-27 11:38:20', 'av'),
(702, 63, 7, '2020-10-27 11:38:39', 'av'),
(703, 64, 8, '2020-10-27 11:39:02', 'av'),
(704, 65, 10, '2020-10-27 11:39:16', 'av'),
(705, 69, 11, '2020-10-27 11:40:47', 'av'),
(706, 70, 10, '2020-10-27 11:41:09', 'av'),
(707, 72, 9, '2020-10-27 11:41:28', 'av'),
(708, 72, 8, '2020-10-27 11:41:49', 'av'),
(709, 71, 9, '2020-10-27 11:42:09', 'av'),
(710, 73, 12, '2020-10-27 11:42:47', 'av'),
(711, 74, 14, '2020-10-27 11:43:04', 'av'),
(712, 76, 10, '2020-10-27 11:43:30', 'av'),
(713, 77, 10, '2020-10-27 11:43:45', 'av'),
(714, 78, 7, '2020-10-27 11:44:04', 'av'),
(715, 79, 21, '2020-10-28 03:59:13', 'av'),
(716, 82, 6, '2020-10-28 03:59:31', 'av'),
(717, 80, 7, '2020-10-28 03:59:48', 'av'),
(718, 81, 20, '2020-10-28 04:00:08', 'av'),
(719, 83, 8, '2020-10-28 04:00:34', 'av'),
(720, 84, 9, '2020-10-28 04:00:50', 'av'),
(721, 85, 9, '2020-10-28 04:01:13', 'av'),
(722, 86, 9, '2020-10-28 04:01:36', 'av'),
(723, 87, 8, '2020-10-28 04:01:57', 'av'),
(724, 566, 0, '2020-10-28 00:00:00', 'Stock product created'),
(725, 566, 13, '2020-10-28 04:03:13', 'av'),
(726, 88, 2, '2020-10-28 04:03:35', 'av'),
(727, 89, 7, '2020-10-28 04:03:58', 'av'),
(728, 123, 167, '2020-10-28 05:30:07', 'av'),
(729, 125, 78, '2020-10-28 05:30:28', 'av'),
(730, 124, 26, '2020-10-28 05:30:47', 'av'),
(731, 126, 39, '2020-10-28 05:32:17', 'av'),
(732, 127, 35, '2020-10-28 05:32:35', 'av'),
(733, 129, 8, '2020-10-28 05:32:56', 'av'),
(734, 130, 13, '2020-10-28 05:33:10', 'av'),
(735, 139, 2, '2020-10-28 05:34:21', 'av'),
(736, 140, 15, '2020-10-28 05:34:45', 'av'),
(737, 142, 1, '2020-10-28 05:35:08', 'av'),
(738, 141, 6, '2020-10-28 05:35:23', 'av'),
(739, 125, 77, '2020-10-29 04:24:35', 'AV Online'),
(740, 126, 38, '2020-10-29 04:25:10', 'AV Online'),
(741, 567, 0, '2020-10-29 00:00:00', 'Stock product created'),
(742, 568, 0, '2020-10-29 00:00:00', 'Stock product created'),
(743, 567, 53, '2020-10-29 04:27:12', 'AV Online'),
(744, 568, 29, '2020-10-29 04:27:46', 'AV Online'),
(745, 569, 0, '2020-10-29 00:00:00', 'Stock product created'),
(746, 570, 0, '2020-10-29 00:00:00', 'Stock product created'),
(747, 571, 0, '2020-10-29 00:00:00', 'Stock product created'),
(748, 572, 0, '2020-10-29 00:00:00', 'Stock product created'),
(749, 573, 0, '2020-10-29 00:00:00', 'Stock product created'),
(750, 574, 0, '2020-10-29 00:00:00', 'Stock product created'),
(751, 575, 0, '2020-10-29 00:00:00', 'Stock product created'),
(752, 576, 0, '2020-10-29 00:00:00', 'Stock product created'),
(753, 577, 0, '2020-10-29 00:00:00', 'Stock product created'),
(754, 578, 0, '2020-10-29 00:00:00', 'Stock product created'),
(755, 579, 0, '2020-10-29 00:00:00', 'Stock product created'),
(756, 580, 0, '2020-10-29 00:00:00', 'Stock product created'),
(757, 581, 0, '2020-10-29 00:00:00', 'Stock product created'),
(758, 582, 0, '2020-10-29 00:00:00', 'Stock product created'),
(759, 583, 0, '2020-10-29 00:00:00', 'Stock product created'),
(760, 585, 0, '2020-10-29 00:00:00', 'Stock product created'),
(761, 587, 0, '2020-10-29 00:00:00', 'Stock product created'),
(762, 569, 30, '2020-10-29 11:54:34', 'av'),
(763, 570, 28, '2020-10-29 11:54:57', 'av'),
(764, 572, 21, '2020-10-29 11:55:22', 'av'),
(765, 571, 14, '2020-10-29 11:55:47', 'av'),
(766, 573, 6, '2020-10-29 11:56:07', 'av'),
(767, 574, 11, '2020-10-29 11:56:26', 'av'),
(768, 575, 21, '2020-10-29 11:56:57', 'av'),
(769, 576, 18, '2020-10-29 11:57:18', 'av'),
(770, 578, 10, '2020-10-29 11:57:38', 'av'),
(771, 577, 14, '2020-10-29 11:58:01', 'av'),
(772, 579, 6, '2020-10-29 11:58:20', 'av'),
(773, 580, 12, '2020-10-29 11:58:40', 'av'),
(774, 581, 22, '2020-10-29 11:59:34', 'av'),
(775, 582, 16, '2020-10-29 12:00:07', 'av'),
(776, 583, 14, '2020-10-29 12:00:31', 'av'),
(777, 587, 5, '2020-10-29 12:00:58', 'av'),
(778, 585, 11, '2020-10-29 12:01:19', 'av'),
(779, 143, 5, '2020-10-29 12:01:51', 'av'),
(780, 144, 3, '2020-10-29 12:02:33', 'av'),
(781, 145, 24, '2020-10-29 12:02:50', 'av'),
(782, 131, 1, '2020-10-29 12:03:17', 'av'),
(783, 137, 12, '2020-10-29 12:04:16', 'av'),
(784, 138, 34, '2020-10-29 12:04:44', 'av'),
(785, 132, 14, '2020-10-29 12:05:05', 'av'),
(786, 135, 14, '2020-10-29 12:05:33', 'av'),
(787, 133, 6, '2020-10-29 12:06:26', 'av'),
(788, 136, 1, '2020-10-29 12:06:45', 'av'),
(791, 10, 12, '2020-10-31 12:06:50', 'av'),
(792, 147, 2, '2020-11-02 06:19:28', 'av'),
(793, 146, 7, '2020-11-02 06:20:21', 'av'),
(794, 149, 5, '2020-11-02 06:21:23', 'av'),
(795, 150, 6, '2020-11-02 06:22:11', 'av'),
(796, 151, 4, '2020-11-02 06:22:39', 'av'),
(797, 148, 14, '2020-11-02 06:23:19', 'av'),
(798, 588, 0, '2020-11-02 00:00:00', 'Stock product created'),
(799, 588, 16, '2020-11-02 06:24:11', 'av'),
(800, 452, 10, '2020-11-02 06:25:28', 'av'),
(801, 453, 7, '2020-11-02 06:26:00', 'av'),
(802, 454, 5, '2020-11-02 06:26:28', 'av'),
(803, 455, 13, '2020-11-02 06:27:00', 'av'),
(804, 456, 8, '2020-11-02 06:27:25', 'av'),
(805, 457, 2, '2020-11-02 06:27:54', 'av'),
(806, 458, 7, '2020-11-02 06:28:14', 'av'),
(807, 468, 2, '2020-11-02 06:28:57', 'av'),
(808, 589, 0, '2020-11-02 00:00:00', 'Stock product created'),
(809, 589, 7, '2020-11-02 06:30:25', 'av'),
(810, 461, 6, '2020-11-02 06:30:58', 'av'),
(811, 462, 2, '2020-11-02 06:31:20', 'av'),
(812, 463, 3, '2020-11-02 06:31:56', 'av'),
(813, 464, 1, '2020-11-02 06:32:26', 'av'),
(814, 467, 2, '2020-11-02 06:33:05', 'av'),
(815, 466, 1, '2020-11-02 06:33:48', 'av'),
(816, 459, 14, '2020-11-02 06:34:45', 'av'),
(817, 460, 6, '2020-11-02 06:36:57', 'av'),
(818, 469, 19, '2020-11-02 06:47:52', 'av'),
(819, 470, 2, '2020-11-02 06:48:47', 'av'),
(820, 471, 7, '2020-11-02 06:49:19', 'av'),
(821, 472, 6, '2020-11-02 06:49:58', 'av'),
(822, 473, 7, '2020-11-02 06:50:29', 'av'),
(823, 474, 6, '2020-11-02 06:50:50', 'av'),
(824, 475, 7, '2020-11-02 06:51:22', 'av'),
(825, 476, 7, '2020-11-02 06:51:52', 'av'),
(826, 477, 3, '2020-11-02 06:53:07', 'av'),
(827, 478, 8, '2020-11-02 06:53:41', 'av'),
(828, 479, 13, '2020-11-02 06:54:24', 'av'),
(829, 480, 7, '2020-11-02 06:54:51', 'av'),
(830, 292, 12, '2020-11-02 06:58:40', 'av'),
(831, 293, 1, '2020-11-02 06:59:16', 'av'),
(832, 294, 5, '2020-11-02 06:59:38', 'av'),
(833, 295, 1, '2020-11-02 07:00:06', 'av'),
(834, 296, 6, '2020-11-02 07:00:35', 'av'),
(835, 297, 3, '2020-11-02 07:01:26', 'av'),
(836, 298, 2, '2020-11-02 07:01:55', 'av'),
(837, 301, 1, '2020-11-02 07:02:45', 'av'),
(838, 299, 2, '2020-11-02 07:03:17', 'av'),
(839, 300, 1, '2020-11-02 07:03:43', 'av'),
(840, 302, 8, '2020-11-02 07:04:15', 'av'),
(841, 309, 1, '2020-11-02 07:05:21', 'av'),
(842, 303, 2, '2020-11-02 07:08:28', 'av'),
(843, 308, 2, '2020-11-02 07:08:47', 'av'),
(844, 307, 8, '2020-11-02 07:09:19', 'av'),
(845, 305, 8, '2020-11-02 07:09:54', 'av'),
(846, 304, 5, '2020-11-02 07:10:14', 'av'),
(847, 306, 2, '2020-11-02 07:10:37', 'av'),
(848, 410, 4, '2020-11-02 07:12:59', 'av'),
(849, 411, 7, '2020-11-02 07:13:33', 'av'),
(850, 413, 6, '2020-11-02 10:21:04', 'av'),
(851, 414, 6, '2020-11-02 10:21:40', 'av'),
(852, 415, 8, '2020-11-02 10:22:05', 'av'),
(854, 421, 3, '2020-11-02 10:24:49', 'av'),
(855, 422, 1, '2020-11-02 10:25:21', 'av'),
(856, 416, 10, '2020-11-02 10:27:13', 'av'),
(857, 412, 3, '2020-11-02 10:29:41', 'av'),
(858, 423, 13, '2020-11-02 10:30:30', 'av'),
(859, 418, 1, '2020-11-02 10:31:07', 'av'),
(860, 419, 2, '2020-11-02 10:31:29', 'av'),
(861, 420, 4, '2020-11-02 10:31:58', 'av'),
(862, 417, 1, '2020-11-02 10:32:18', 'av'),
(863, 152, 3, '2010-11-20 11:41:58', 'av'),
(864, 153, 5, '2020-11-10 11:44:15', 'av'),
(865, 155, 6, '2020-11-10 11:45:48', 'av'),
(866, 156, 17, '2020-11-10 11:46:26', 'av'),
(867, 157, 1, '2020-11-10 11:46:54', 'av'),
(868, 158, 2, '2020-11-10 11:48:04', 'av'),
(869, 159, 5, '2020-11-10 11:48:30', 'av'),
(870, 160, 1, '2020-11-10 11:49:01', 'av'),
(871, 161, 1, '2020-11-10 11:49:29', 'av'),
(872, 162, 1, '2020-11-10 11:50:03', 'av'),
(873, 164, 4, '2020-11-10 11:50:40', 'av'),
(874, 163, 7, '2020-11-10 11:51:08', 'av'),
(875, 590, 0, '2020-11-10 00:00:00', 'Stock product created'),
(876, 590, 3, '2020-11-10 11:51:53', 'av'),
(877, 166, 6, '2020-11-10 11:53:11', 'av'),
(878, 165, 5, '2020-11-10 11:53:33', 'av'),
(879, 167, 10, '2020-11-10 11:54:14', 'av'),
(880, 168, 9, '2020-11-10 11:54:34', 'av'),
(881, 169, 7, '2020-11-10 11:55:13', 'av'),
(882, 170, 6, '2020-11-10 11:55:38', 'av'),
(883, 171, 7, '2020-11-10 11:56:05', 'av'),
(884, 172, 2, '2020-11-10 11:56:32', 'av'),
(885, 173, 5, '2020-11-10 11:56:58', 'av'),
(886, 174, 2, '2020-11-10 11:57:19', 'av'),
(887, 175, 2, '2020-11-10 11:58:08', 'av'),
(888, 390, 5, '2020-11-11 05:22:24', 'av'),
(889, 391, 7, '2020-11-11 05:22:46', 'av'),
(890, 392, 3, '2020-11-11 05:23:10', 'av'),
(891, 393, 1, '2020-11-11 05:23:32', 'av'),
(892, 394, 6, '2020-11-11 05:24:02', 'av'),
(893, 396, 2, '2020-11-11 05:24:53', 'av'),
(894, 397, 1, '2020-11-11 05:25:12', 'av'),
(895, 395, 2, '2020-11-11 05:25:36', 'av'),
(896, 398, 4, '2020-11-11 05:26:06', 'av'),
(897, 399, 2, '2020-11-11 05:26:36', 'av'),
(898, 400, 5, '2020-11-11 05:27:04', 'av'),
(899, 401, 2, '2020-11-11 05:27:31', 'av'),
(900, 402, 3, '2020-11-11 05:27:57', 'av'),
(901, 404, 2, '2020-11-11 05:28:23', 'av'),
(902, 405, 1, '2020-11-11 05:28:47', 'av'),
(903, 406, 1, '2020-11-11 05:29:15', 'av'),
(904, 407, 2, '2020-11-11 05:29:42', 'av'),
(905, 409, 8, '2020-11-11 05:30:04', 'av'),
(906, 408, 3, '2020-11-11 05:30:26', 'av'),
(907, 388, 3, '2020-11-11 05:31:52', 'av'),
(908, 389, 4, '2020-11-11 05:32:07', 'av'),
(909, 384, 3, '2020-11-11 05:49:45', 'av'),
(910, 385, 2, '2020-11-11 05:50:04', 'av'),
(911, 386, 1, '2020-11-11 05:50:26', 'av'),
(912, 387, 1, '2020-11-11 05:50:45', 'av'),
(913, 425, 2, '2020-11-11 05:51:35', 'av'),
(914, 426, 2, '2020-11-11 05:51:51', 'av'),
(915, 427, 5, '2020-11-11 05:52:11', 'av'),
(916, 428, 2, '2020-11-11 05:52:32', 'av'),
(917, 429, 2, '2020-11-11 05:52:52', 'av'),
(918, 430, 3, '2020-11-11 05:53:11', 'av'),
(919, 431, 2, '2020-11-11 05:53:36', 'av'),
(920, 433, 2, '2020-11-11 05:54:13', 'av'),
(921, 434, 3, '2020-11-11 05:54:38', 'av'),
(922, 435, 2, '2020-11-11 05:55:01', 'av'),
(923, 432, 7, '2020-11-11 05:55:27', 'av'),
(924, 436, 17, '2020-11-11 05:55:58', 'av'),
(925, 437, 5, '2020-11-11 05:56:21', 'av'),
(926, 438, 2, '2020-11-11 05:56:49', 'av'),
(927, 439, 4, '2020-11-11 05:57:13', 'av'),
(928, 440, 2, '2020-11-11 05:57:41', 'av'),
(929, 441, 2, '2020-11-11 05:58:04', 'av'),
(930, 442, 2, '2020-11-11 05:58:32', 'av'),
(931, 443, 2, '2020-11-11 05:58:54', 'av'),
(932, 444, 3, '2020-11-11 05:59:19', 'av'),
(933, 445, 1, '2020-11-11 05:59:56', 'av'),
(934, 446, 2, '2020-11-11 06:00:31', 'av'),
(935, 447, 7, '2020-11-11 06:00:57', 'av'),
(936, 448, 4, '2020-11-11 06:01:30', 'av'),
(937, 449, 5, '2020-11-11 06:01:50', 'av'),
(938, 451, 3, '2020-11-11 06:02:30', 'av'),
(939, 450, 5, '2020-11-11 06:02:49', 'av'),
(940, 178, 4, '2020-11-11 06:03:54', 'av'),
(941, 179, 3, '2020-11-11 06:04:30', 'av'),
(942, 181, 1, '2020-11-11 06:04:56', 'av'),
(943, 182, 1, '2020-11-11 06:05:17', 'av'),
(944, 185, 1, '2020-11-11 06:05:44', 'av'),
(945, 187, 1, '2020-11-11 06:06:03', 'av');
INSERT INTO `stock_registry` (`stock_registry_id`, `stock_id`, `quantity`, `date`, `comment`) VALUES
(946, 189, 1, '2020-11-11 06:06:30', 'av'),
(947, 191, 2, '2020-11-11 06:06:55', 'av'),
(948, 193, 1, '2020-11-11 06:07:23', 'av'),
(949, 176, 4, '2020-11-11 06:07:54', 'av'),
(950, 180, 2, '2020-11-11 06:08:12', 'av'),
(951, 184, 2, '2020-11-11 06:08:31', 'av'),
(952, 186, 1, '2020-11-11 06:09:20', 'av'),
(953, 188, 1, '2020-11-11 06:09:41', 'av'),
(954, 190, 1, '2020-11-11 06:10:01', 'av'),
(955, 192, 1, '2020-11-11 06:10:38', 'av'),
(956, 194, 1, '2020-11-11 06:11:02', 'av'),
(957, 196, 5, '2020-11-11 06:12:18', 'av'),
(958, 197, 2, '2020-11-11 06:12:38', 'av'),
(959, 199, 1, '2020-11-11 06:13:10', 'av'),
(960, 203, 2, '2020-11-11 06:13:34', 'av'),
(961, 206, 2, '2020-11-11 06:14:15', 'av'),
(962, 195, 3, '2020-11-11 06:14:55', 'av'),
(963, 198, 1, '2020-11-11 06:15:18', 'av'),
(964, 200, 2, '2020-11-11 06:15:40', 'av'),
(965, 201, 1, '2020-11-11 06:16:04', 'av'),
(966, 202, 2, '2020-11-11 06:16:34', 'av'),
(967, 204, 2, '2020-11-11 06:17:20', 'av'),
(968, 205, 2, '2020-11-11 06:17:49', 'av'),
(969, 207, 2, '2020-11-11 06:18:13', 'av'),
(970, 591, 0, '2020-11-11 00:00:00', 'Stock product created'),
(971, 592, 0, '2020-11-11 00:00:00', 'Stock product created'),
(972, 316, 3, '2020-11-11 06:22:16', 'av'),
(973, 317, 1, '2020-11-11 06:22:42', 'av'),
(974, 318, 2, '2020-11-11 06:23:07', 'av'),
(975, 319, 4, '2020-11-11 06:23:42', 'av'),
(976, 321, 1, '2020-11-11 06:24:10', 'av'),
(977, 322, 21, '2020-11-11 06:24:40', 'av'),
(978, 320, 8, '2020-11-11 06:25:15', 'av'),
(979, 594, 0, '2020-11-11 00:00:00', 'Stock product created'),
(980, 594, 4, '2020-11-11 06:26:00', 'av'),
(981, 208, 4, '2020-11-11 06:27:02', 'av'),
(982, 210, 4, '2020-11-11 06:27:25', 'av'),
(983, 209, 2, '2020-11-11 06:27:53', 'av'),
(984, 211, 2, '2020-11-11 06:41:58', 'av'),
(985, 213, 3, '2020-11-11 06:42:23', 'av'),
(986, 212, 4, '2020-11-11 06:42:52', 'av'),
(987, 216, 1, '2020-11-11 06:44:02', 'av'),
(988, 214, 1, '2020-11-11 06:43:45', 'av'),
(989, 217, 1, '2020-11-11 06:44:38', 'av '),
(990, 218, 3, '2020-11-11 06:44:56', 'av'),
(991, 221, 2, '2020-11-11 06:45:17', 'av'),
(992, 219, 2, '2020-11-11 06:45:40', 'av'),
(993, 222, 7, '2020-11-11 06:46:05', 'av'),
(994, 223, 7, '2020-11-11 06:46:39', 'av'),
(995, 595, 0, '2020-11-11 00:00:00', 'Stock product created'),
(996, 595, 5, '2020-11-11 06:47:36', 'av'),
(997, 224, 11, '2020-11-11 06:48:24', 'av'),
(998, 225, 2, '2020-11-11 07:10:48', 'av'),
(999, 226, 3, '2020-11-11 07:11:13', 'av'),
(1000, 227, 4, '2020-11-11 07:11:38', 'av'),
(1001, 228, 2, '2020-11-11 07:11:58', 'av'),
(1002, 229, 7, '2020-11-11 07:12:31', 'av'),
(1003, 230, 4, '2020-11-11 07:13:02', 'av'),
(1004, 231, 2, '2020-11-11 07:13:23', 'av'),
(1005, 232, 2, '2020-11-11 07:13:51', 'av'),
(1006, 233, 6, '2020-11-11 07:14:22', 'av'),
(1007, 234, 1, '2020-11-11 07:14:47', 'av'),
(1008, 235, 2, '2020-11-11 07:15:12', 'av'),
(1009, 236, 2, '2020-11-11 07:15:32', 'av'),
(1010, 237, 2, '2020-11-11 07:15:55', 'av'),
(1011, 239, 2, '2020-11-11 07:16:12', 'av'),
(1012, 241, 3, '2020-11-11 07:16:36', 'av'),
(1013, 242, 2, '2020-11-11 07:16:58', 'av'),
(1014, 240, 4, '2020-11-11 07:17:14', 'av'),
(1015, 372, 10, '2020-11-11 07:18:34', 'av'),
(1016, 373, 2, '2020-11-11 07:18:55', 'av'),
(1017, 374, 1, '2020-11-11 07:19:51', 'av'),
(1018, 375, 3, '2020-11-11 07:20:13', 'av'),
(1019, 376, 1, '2020-11-11 07:20:33', 'av'),
(1020, 378, 5, '2020-11-11 07:21:11', 'av'),
(1021, 377, 3, '2020-11-11 07:21:39', 'av'),
(1022, 380, 1, '2020-11-11 07:22:15', 'av'),
(1023, 379, 6, '2020-11-11 07:22:43', 'av'),
(1024, 381, 2, '2020-11-11 07:23:17', 'av'),
(1025, 382, 2, '2020-11-11 07:23:49', 'av'),
(1026, 383, 20, '2020-11-11 07:24:26', 'av'),
(1027, 362, 11, '2020-11-11 07:26:20', 'av'),
(1028, 363, 1, '2020-11-11 07:26:37', 'av'),
(1029, 364, 4, '2020-11-11 07:27:01', 'av'),
(1030, 365, 5, '2020-11-11 07:27:18', 'av'),
(1031, 366, 1, '2020-11-11 07:27:36', 'av'),
(1032, 367, 6, '2020-11-11 07:28:35', 'av'),
(1033, 368, 5, '2020-11-11 07:28:58', 'av'),
(1034, 369, 2, '2020-11-11 07:29:20', 'av'),
(1035, 371, 24, '2020-11-11 07:29:38', 'av'),
(1036, 370, 12, '2020-11-11 07:30:03', 'av'),
(1037, 358, 12, '2020-11-11 07:31:14', 'av'),
(1038, 342, 6, '2020-11-11 07:31:36', 'av'),
(1039, 343, 3, '2020-11-11 07:32:07', 'av'),
(1040, 344, 3, '2020-11-11 07:33:55', 'av'),
(1041, 345, 10, '2020-11-11 07:34:19', 'av'),
(1042, 346, 5, '2020-11-11 07:34:43', 'av'),
(1043, 347, 1, '2020-11-11 07:35:21', 'av'),
(1044, 349, 2, '2020-11-11 07:36:15', 'av'),
(1045, 350, 4, '2020-11-11 07:36:41', 'av'),
(1046, 348, 1, '2020-11-11 07:38:12', 'av'),
(1047, 352, 3, '2020-11-11 07:38:54', 'av'),
(1048, 355, 3, '2020-11-11 07:39:19', 'av'),
(1049, 356, 3, '2020-11-11 07:39:40', 'av'),
(1050, 353, 4, '2020-11-11 07:39:56', 'av'),
(1051, 359, 4, '2020-11-11 07:40:25', 'av'),
(1052, 360, 1, '2020-11-11 07:40:45', 'av'),
(1053, 361, 4, '2020-11-11 07:41:10', 'av'),
(1054, 357, 4, '2020-11-11 07:41:34', 'av'),
(1055, 324, 12, '2020-11-11 07:42:46', 'av'),
(1056, 325, 3, '2020-11-11 07:43:24', 'av'),
(1057, 326, 2, '2020-11-11 07:43:44', 'av'),
(1058, 329, 1, '2020-11-11 07:44:41', 'av'),
(1059, 330, 3, '2020-11-11 07:45:06', 'av'),
(1060, 328, 2, '2020-11-11 07:45:48', 'av'),
(1061, 331, 1, '2020-11-11 07:46:11', 'av'),
(1062, 332, 3, '2020-11-11 07:46:43', 'av'),
(1063, 333, 2, '2020-11-11 07:47:09', 'av'),
(1064, 334, 1, '2020-11-11 07:47:31', 'av'),
(1065, 335, 3, '2020-11-11 07:48:07', 'av'),
(1066, 336, 1, '2020-11-11 07:48:27', 'av'),
(1067, 337, 1, '2020-11-11 07:48:48', 'av'),
(1068, 338, 2, '2020-11-11 07:49:33', 'av'),
(1069, 339, 1, '2020-11-11 07:50:06', 'av'),
(1070, 341, 7, '2020-11-11 07:50:26', 'av'),
(1071, 340, 2, '2020-11-11 07:50:44', 'av'),
(1072, 481, 11, '2020-11-11 07:51:34', 'av'),
(1073, 483, 1, '2020-11-11 07:53:47', 'av'),
(1074, 482, 1, '2020-11-11 07:54:13', 'av'),
(1075, 484, 1, '2020-11-11 07:54:36', 'av'),
(1076, 486, 1, '2020-11-11 10:44:48', 'av'),
(1077, 485, 1, '2020-11-11 10:45:06', 'av'),
(1078, 487, 6, '2020-11-11 10:45:55', 'av'),
(1079, 488, 1, '2020-11-11 10:46:20', 'av'),
(1080, 489, 1, '2020-11-11 10:47:01', 'av'),
(1081, 491, 3, '2020-11-11 10:48:01', 'av'),
(1082, 490, 4, '2020-11-11 10:48:32', 'av'),
(1083, 492, 1, '2020-11-11 10:49:16', 'av'),
(1084, 494, 1, '2020-11-11 10:49:54', 'av'),
(1085, 493, 3, '2020-11-11 10:50:34', 'av'),
(1086, 495, 5, '2020-11-11 10:51:20', 'av'),
(1087, 496, 1, '2020-11-12 05:20:38', 'av'),
(1088, 497, 1, '2020-11-12 05:21:22', 'av'),
(1089, 499, 6, '2020-11-12 05:22:21', 'av'),
(1090, 498, 5, '2020-11-12 05:22:48', 'av'),
(1091, 500, 1, '2020-11-12 05:23:39', 'av'),
(1092, 501, 4, '2020-11-12 05:24:17', 'av'),
(1093, 323, 1, '2020-11-12 05:24:46', 'av'),
(1094, 508, 2, '2020-11-12 09:05:01', 'av'),
(1095, 505, 2, '2020-11-12 09:05:25', 'av'),
(1096, 507, 1, '2020-11-12 09:06:06', 'av'),
(1097, 506, 1, '2020-11-12 09:06:36', 'av'),
(1098, 509, 2, '2020-11-12 09:07:48', 'av'),
(1099, 511, 1, '2020-11-12 09:08:33', 'av'),
(1100, 513, 1, '2020-11-12 09:10:05', 'av'),
(1101, 512, 1, '2020-11-12 09:10:25', 'av'),
(1102, 510, 1, '2020-11-12 09:10:47', 'av'),
(1103, 514, 2, '2020-11-12 09:12:05', 'av'),
(1104, 516, 1, '2020-11-12 09:12:31', 'av'),
(1105, 517, 1, '2020-11-12 09:13:04', 'av'),
(1106, 518, 1, '2020-11-12 09:13:28', 'av'),
(1107, 515, 3, '2020-11-12 09:14:02', 'av'),
(1108, 524, 1, '2020-11-12 09:14:58', 'av'),
(1109, 523, 1, '2020-11-12 09:16:06', 'av'),
(1110, 522, 1, '2020-11-12 09:16:43', 'av'),
(1111, 521, 1, '2020-11-12 09:17:08', 'av'),
(1112, 520, 3, '2020-11-12 09:18:01', 'av'),
(1113, 525, 2, '2020-11-12 09:18:45', 'av'),
(1114, 526, 1, '2020-11-12 09:19:11', 'av'),
(1115, 519, 6, '2020-11-12 09:19:29', 'av');

--
-- Indexes for dumped tables
--

--
-- Indexes for table `design`
--
ALTER TABLE `design`
  ADD PRIMARY KEY (`design_id`),
  ADD UNIQUE KEY `code` (`code`);

--
-- Indexes for table `glaze`
--
ALTER TABLE `glaze`
  ADD PRIMARY KEY (`glaze_id`),
  ADD UNIQUE KEY `code` (`code`);

--
-- Indexes for table `product`
--
ALTER TABLE `product`
  ADD PRIMARY KEY (`product_id`),
  ADD UNIQUE KEY `code` (`code`);

--
-- Indexes for table `settings`
--
ALTER TABLE `settings`
  ADD PRIMARY KEY (`id`);

--
-- Indexes for table `stock`
--
ALTER TABLE `stock`
  ADD PRIMARY KEY (`stock_id`),
  ADD UNIQUE KEY `stock_idx` (`product_id`,`glaze_id`,`design_id`),
  ADD KEY `design_id` (`design_id`),
  ADD KEY `glaze_id` (`glaze_id`);

--
-- Indexes for table `stock_images`
--
ALTER TABLE `stock_images`
  ADD PRIMARY KEY (`id`),
  ADD KEY `product_id` (`stock_id`);

--
-- Indexes for table `stock_registry`
--
ALTER TABLE `stock_registry`
  ADD PRIMARY KEY (`stock_registry_id`),
  ADD KEY `stock_id` (`stock_id`);

--
-- AUTO_INCREMENT for dumped tables
--

--
-- AUTO_INCREMENT for table `design`
--
ALTER TABLE `design`
  MODIFY `design_id` int(11) NOT NULL AUTO_INCREMENT, AUTO_INCREMENT=41;

--
-- AUTO_INCREMENT for table `glaze`
--
ALTER TABLE `glaze`
  MODIFY `glaze_id` int(11) NOT NULL AUTO_INCREMENT, AUTO_INCREMENT=37;

--
-- AUTO_INCREMENT for table `product`
--
ALTER TABLE `product`
  MODIFY `product_id` int(11) NOT NULL AUTO_INCREMENT, AUTO_INCREMENT=399;

--
-- AUTO_INCREMENT for table `settings`
--
ALTER TABLE `settings`
  MODIFY `id` int(11) NOT NULL AUTO_INCREMENT, AUTO_INCREMENT=2;

--
-- AUTO_INCREMENT for table `stock`
--
ALTER TABLE `stock`
  MODIFY `stock_id` int(11) NOT NULL AUTO_INCREMENT, AUTO_INCREMENT=596;

--
-- AUTO_INCREMENT for table `stock_images`
--
ALTER TABLE `stock_images`
  MODIFY `id` int(11) NOT NULL AUTO_INCREMENT, AUTO_INCREMENT=6;

--
-- AUTO_INCREMENT for table `stock_registry`
--
ALTER TABLE `stock_registry`
  MODIFY `stock_registry_id` int(11) NOT NULL AUTO_INCREMENT, AUTO_INCREMENT=1116;

--
-- Constraints for dumped tables
--

--
-- Constraints for table `stock`
--
ALTER TABLE `stock`
  ADD CONSTRAINT `stock_ibfk_1` FOREIGN KEY (`design_id`) REFERENCES `design` (`design_id`),
  ADD CONSTRAINT `stock_ibfk_2` FOREIGN KEY (`product_id`) REFERENCES `product` (`product_id`),
  ADD CONSTRAINT `stock_ibfk_3` FOREIGN KEY (`glaze_id`) REFERENCES `glaze` (`glaze_id`);

--
-- Constraints for table `stock_registry`
--
ALTER TABLE `stock_registry`
  ADD CONSTRAINT `stock_registry_ibfk_1` FOREIGN KEY (`stock_id`) REFERENCES `stock` (`stock_id`);
COMMIT;

/*!40101 SET CHARACTER_SET_CLIENT=@OLD_CHARACTER_SET_CLIENT */;
/*!40101 SET CHARACTER_SET_RESULTS=@OLD_CHARACTER_SET_RESULTS */;
/*!40101 SET COLLATION_CONNECTION=@OLD_COLLATION_CONNECTION */;
